2025-10-04 06:25:32,533 [INFO] Activator:177 - 


2025-10-04 06:25:32,534 [INFO] Activator:178 - !SESSION log4j initialized
2025-10-04 06:25:37,407 [INFO] McuFinderGlobals:39 - Set McuFinder mode to 2 (CubeIDE integrated)
2025-10-04 06:25:37,822 [INFO] ApplicationProperties:181 - Using Application install path: C:\ST\STM32CubeIDE_1.7.0\STM32CubeIDE\plugins\com.st.stm32cube.common.mx_6.3.0.202107141111
2025-10-04 06:25:37,829 [INFO] DbMcusXml:74 - Set database path to: C:\ST\STM32CubeIDE_1.7.0\STM32CubeIDE\plugins\com.st.stm32cube.common.mx_6.3.0.202107141111\\db\/mcu/
2025-10-04 06:25:37,831 [INFO] DbBoardsPdsc:56 - Set plugin database path to: C:\ST\STM32CubeIDE_1.7.0\STM32CubeIDE\plugins\com.st.stm32cube.common.mx_6.3.0.202107141111\\db\/plugins/boardmanager/
2025-10-04 06:25:37,832 [INFO] DbMcus:258 - Set plugin images path to: C:\ST\STM32CubeIDE_1.7.0\STM32CubeIDE\plugins\com.st.stm32cube.common.mx_6.3.0.202107141111\\db\/plugins/mcufinder/images/
2025-10-04 06:25:37,832 [INFO] DbBoards:264 - Set plugin images path to: C:\ST\STM32CubeIDE_1.7.0\STM32CubeIDE\plugins\com.st.stm32cube.common.mx_6.3.0.202107141111\\db\/plugins/mcufinder/images/
2025-10-04 06:25:37,833 [INFO] DbExamples:333 - Set plugin images path to: C:\ST\STM32CubeIDE_1.7.0\STM32CubeIDE\plugins\com.st.stm32cube.common.mx_6.3.0.202107141111\\db\/plugins/mcufinder/images/
2025-10-04 06:25:37,837 [INFO] DbMcusAds:119 - Set database path to: C:\Users\NCPC\.stmcufinder\plugins\mcufinder//mcu/
2025-10-04 06:25:37,837 [INFO] DbMcusDocs:110 - Set database path to: C:\Users\NCPC\.stmcufinder\plugins\mcufinder//mcu/
2025-10-04 06:25:37,838 [INFO] DbMcusJson:64 - Set database path to: C:\Users\NCPC\.stmcufinder\plugins\mcufinder//mcu/
2025-10-04 06:25:37,838 [INFO] DbBoardsDocs:110 - Set database path to: C:\Users\NCPC\.stmcufinder\plugins\mcufinder//mcu/
2025-10-04 06:25:37,839 [INFO] DbBoardsJson:57 - Set database path to: C:\Users\NCPC\.stmcufinder\plugins\mcufinder//mcu/
2025-10-04 06:25:37,841 [INFO] CrossReferenceDbSqlite:196 - Set database path to: C:\Users\NCPC\.stmcufinder\plugins\mcufinder//mcu/cs/
2025-10-04 06:25:37,842 [INFO] DbExamplesSqlite:767 - Set database path to: C:\Users\NCPC\.stmcufinder\plugins\mcufinder//mcu/
2025-10-04 06:25:37,897 [INFO] RulesReader:57 - Compatibility file has been processed (242 Rules)
2025-10-04 06:25:37,948 [INFO] DbMcusXml:74 - Set database path to: C:\ST\STM32CubeIDE_1.7.0\STM32CubeIDE\plugins\com.st.stm32cube.common.mx_6.3.0.202107141111\\db\/mcu/
2025-10-04 06:25:37,949 [INFO] DbBoardsPdsc:56 - Set plugin database path to: C:\ST\STM32CubeIDE_1.7.0\STM32CubeIDE\plugins\com.st.stm32cube.common.mx_6.3.0.202107141111\\db\/plugins/boardmanager/
2025-10-04 06:25:37,949 [INFO] DbMcus:258 - Set plugin images path to: C:\ST\STM32CubeIDE_1.7.0\STM32CubeIDE\plugins\com.st.stm32cube.common.mx_6.3.0.202107141111\\db\/plugins/mcufinder/images/
2025-10-04 06:25:37,949 [INFO] DbBoards:264 - Set plugin images path to: C:\ST\STM32CubeIDE_1.7.0\STM32CubeIDE\plugins\com.st.stm32cube.common.mx_6.3.0.202107141111\\db\/plugins/mcufinder/images/
2025-10-04 06:25:37,949 [INFO] DbExamples:333 - Set plugin images path to: C:\ST\STM32CubeIDE_1.7.0\STM32CubeIDE\plugins\com.st.stm32cube.common.mx_6.3.0.202107141111\\db\/plugins/mcufinder/images/
2025-10-04 06:25:37,949 [WARN] DbFile:35 - Overriding database path with different value: C:\Users\NCPC\.stmcufinder\plugins\mcufinder/ => C:\Users\NCPC\.stmcufinder\plugins\mcufinder
2025-10-04 06:25:37,949 [INFO] DbMcusAds:119 - Set database path to: C:\Users\NCPC\.stmcufinder\plugins\mcufinder//mcu/
2025-10-04 06:25:37,949 [WARN] DbFile:35 - Overriding database path with different value: C:\Users\NCPC\.stmcufinder\plugins\mcufinder/ => C:\Users\NCPC\.stmcufinder\plugins\mcufinder
2025-10-04 06:25:37,949 [INFO] DbMcusDocs:110 - Set database path to: C:\Users\NCPC\.stmcufinder\plugins\mcufinder//mcu/
2025-10-04 06:25:37,949 [WARN] DbFile:35 - Overriding database path with different value: C:\Users\NCPC\.stmcufinder\plugins\mcufinder/ => C:\Users\NCPC\.stmcufinder\plugins\mcufinder
2025-10-04 06:25:37,949 [INFO] DbMcusJson:64 - Set database path to: C:\Users\NCPC\.stmcufinder\plugins\mcufinder//mcu/
2025-10-04 06:25:37,949 [WARN] DbFile:35 - Overriding database path with different value: C:\Users\NCPC\.stmcufinder\plugins\mcufinder/ => C:\Users\NCPC\.stmcufinder\plugins\mcufinder
2025-10-04 06:25:37,949 [INFO] DbBoardsDocs:110 - Set database path to: C:\Users\NCPC\.stmcufinder\plugins\mcufinder//mcu/
2025-10-04 06:25:37,949 [WARN] DbFile:35 - Overriding database path with different value: C:\Users\NCPC\.stmcufinder\plugins\mcufinder/ => C:\Users\NCPC\.stmcufinder\plugins\mcufinder
2025-10-04 06:25:37,949 [INFO] DbBoardsJson:57 - Set database path to: C:\Users\NCPC\.stmcufinder\plugins\mcufinder//mcu/
2025-10-04 06:25:37,950 [WARN] DbFile:35 - Overriding database path with different value: C:\Users\NCPC\.stmcufinder\plugins\mcufinder/ => C:\Users\NCPC\.stmcufinder\plugins\mcufinder
2025-10-04 06:25:37,950 [WARN] DbFile:35 - Overriding database path with different value: C:\Users\NCPC\.stmcufinder\plugins\mcufinder/ => C:\Users\NCPC\.stmcufinder\plugins\mcufinder
2025-10-04 06:25:37,950 [INFO] CrossReferenceDbSqlite:196 - Set database path to: C:\Users\NCPC\.stmcufinder\plugins\mcufinder//mcu/cs/
2025-10-04 06:25:37,950 [WARN] DbFile:35 - Overriding database path with different value: C:\Users\NCPC\.stmcufinder\plugins\mcufinder/ => C:\Users\NCPC\.stmcufinder\plugins\mcufinder
2025-10-04 06:25:37,950 [INFO] DbExamplesSqlite:767 - Set database path to: C:\Users\NCPC\.stmcufinder\plugins\mcufinder//mcu/
2025-10-04 06:25:37,988 [INFO] MainPanel:214 - HeapMemory: 268435456
2025-10-04 06:25:38,037 [INFO] DbMcusXml:74 - Set database path to: C:\ST\STM32CubeIDE_1.7.0\STM32CubeIDE\plugins\com.st.stm32cube.common.mx_6.3.0.202107141111\\db\/mcu/
2025-10-04 06:25:38,038 [INFO] DbBoardsPdsc:56 - Set plugin database path to: C:\ST\STM32CubeIDE_1.7.0\STM32CubeIDE\plugins\com.st.stm32cube.common.mx_6.3.0.202107141111\\db\/plugins/boardmanager/
2025-10-04 06:25:38,038 [INFO] DbMcus:258 - Set plugin images path to: C:\ST\STM32CubeIDE_1.7.0\STM32CubeIDE\plugins\com.st.stm32cube.common.mx_6.3.0.202107141111\\db\/plugins/mcufinder/images/
2025-10-04 06:25:38,038 [INFO] DbBoards:264 - Set plugin images path to: C:\ST\STM32CubeIDE_1.7.0\STM32CubeIDE\plugins\com.st.stm32cube.common.mx_6.3.0.202107141111\\db\/plugins/mcufinder/images/
2025-10-04 06:25:38,038 [INFO] DbExamples:333 - Set plugin images path to: C:\ST\STM32CubeIDE_1.7.0\STM32CubeIDE\plugins\com.st.stm32cube.common.mx_6.3.0.202107141111\\db\/plugins/mcufinder/images/
2025-10-04 06:25:38,038 [WARN] DbFile:35 - Overriding database path with different value: C:\Users\NCPC\.stmcufinder\plugins\mcufinder/ => C:\Users\NCPC\.stmcufinder\plugins\mcufinder
2025-10-04 06:25:38,038 [INFO] DbMcusAds:119 - Set database path to: C:\Users\NCPC\.stmcufinder\plugins\mcufinder//mcu/
2025-10-04 06:25:38,038 [WARN] DbFile:35 - Overriding database path with different value: C:\Users\NCPC\.stmcufinder\plugins\mcufinder/ => C:\Users\NCPC\.stmcufinder\plugins\mcufinder
2025-10-04 06:25:38,038 [INFO] DbMcusDocs:110 - Set database path to: C:\Users\NCPC\.stmcufinder\plugins\mcufinder//mcu/
2025-10-04 06:25:38,038 [WARN] DbFile:35 - Overriding database path with different value: C:\Users\NCPC\.stmcufinder\plugins\mcufinder/ => C:\Users\NCPC\.stmcufinder\plugins\mcufinder
2025-10-04 06:25:38,038 [INFO] DbMcusJson:64 - Set database path to: C:\Users\NCPC\.stmcufinder\plugins\mcufinder//mcu/
2025-10-04 06:25:38,038 [WARN] DbFile:35 - Overriding database path with different value: C:\Users\NCPC\.stmcufinder\plugins\mcufinder/ => C:\Users\NCPC\.stmcufinder\plugins\mcufinder
2025-10-04 06:25:38,038 [INFO] DbBoardsDocs:110 - Set database path to: C:\Users\NCPC\.stmcufinder\plugins\mcufinder//mcu/
2025-10-04 06:25:38,038 [WARN] DbFile:35 - Overriding database path with different value: C:\Users\NCPC\.stmcufinder\plugins\mcufinder/ => C:\Users\NCPC\.stmcufinder\plugins\mcufinder
2025-10-04 06:25:38,038 [INFO] DbBoardsJson:57 - Set database path to: C:\Users\NCPC\.stmcufinder\plugins\mcufinder//mcu/
2025-10-04 06:25:38,039 [WARN] DbFile:35 - Overriding database path with different value: C:\Users\NCPC\.stmcufinder\plugins\mcufinder/ => C:\Users\NCPC\.stmcufinder\plugins\mcufinder
2025-10-04 06:25:38,039 [WARN] DbFile:35 - Overriding database path with different value: C:\Users\NCPC\.stmcufinder\plugins\mcufinder/ => C:\Users\NCPC\.stmcufinder\plugins\mcufinder
2025-10-04 06:25:38,039 [INFO] CrossReferenceDbSqlite:196 - Set database path to: C:\Users\NCPC\.stmcufinder\plugins\mcufinder//mcu/cs/
2025-10-04 06:25:38,039 [WARN] DbFile:35 - Overriding database path with different value: C:\Users\NCPC\.stmcufinder\plugins\mcufinder/ => C:\Users\NCPC\.stmcufinder\plugins\mcufinder
2025-10-04 06:25:38,039 [INFO] DbExamplesSqlite:767 - Set database path to: C:\Users\NCPC\.stmcufinder\plugins\mcufinder//mcu/
2025-10-04 06:25:38,050 [INFO] ApplicationProperties:181 - Using Application install path: C:\ST\STM32CubeIDE_1.7.0\STM32CubeIDE\plugins\com.st.stm32cube.common.mx_6.3.0.202107141111
2025-10-04 06:25:38,051 [INFO] PluginManage:188 - Search for loadable plugins [exclusion list=, ]
2025-10-04 06:25:38,051 [INFO] PluginManage:302 - Check plugin analytics
2025-10-04 06:25:38,135 [INFO] AnalyticsPlugin:257 - Accepted Software Licenses: 
2025-10-04 06:25:38,135 [INFO] AnalyticsPlugin:259 - Accepted CMSIS Pack Licenses: 
2025-10-04 06:25:38,135 [INFO] AnalyticsPlugin:261 - Accepted Firmware Licenses: 
2025-10-04 06:25:38,135 [INFO] PluginManage:352 - Loaded plugin analytics (category:tool,tabindex:-1)
2025-10-04 06:25:38,135 [INFO] PluginManage:302 - Check plugin clock
2025-10-04 06:25:38,153 [INFO] PluginManage:352 - Loaded plugin clock (category:base,tabindex:2)
2025-10-04 06:25:38,153 [INFO] PluginManage:302 - Check plugin ddr
2025-10-04 06:25:38,155 [INFO] PluginManage:352 - Loaded plugin ddr (category:tool,tabindex:6)
2025-10-04 06:25:38,155 [INFO] PluginManage:302 - Check plugin filemanager
2025-10-04 06:25:38,236 [INFO] PluginManage:352 - Loaded plugin filemanager (category:base,tabindex:10)
2025-10-04 06:25:38,236 [INFO] PluginManage:302 - Check plugin ipmanager
2025-10-04 06:25:38,241 [INFO] PluginManage:352 - Loaded plugin ipmanager (category:base,tabindex:5)
2025-10-04 06:25:38,241 [INFO] PluginManage:302 - Check plugin pinoutandconfiguration
2025-10-04 06:25:38,256 [INFO] PluginManage:352 - Loaded plugin pinoutandconfiguration (category:base,tabindex:1)
2025-10-04 06:25:38,256 [INFO] PluginManage:302 - Check plugin pinoutconfig
2025-10-04 06:25:38,283 [INFO] PluginManage:352 - Loaded plugin pinoutconfig (category:base,tabindex:0)
2025-10-04 06:25:38,283 [INFO] PluginManage:302 - Check plugin power
2025-10-04 06:25:38,302 [INFO] PluginManage:352 - Loaded plugin power (category:power,tabindex:4)
2025-10-04 06:25:38,302 [INFO] PluginManage:302 - Check plugin projectmanager
2025-10-04 06:25:38,312 [INFO] PluginManage:352 - Loaded plugin projectmanager (category:projectmanager,tabindex:3)
2025-10-04 06:25:38,312 [INFO] PluginManage:302 - Check plugin thirdparty
2025-10-04 06:25:38,488 [INFO] PluginManage:352 - Loaded plugin thirdparty (category:base,tabindex:-1)
2025-10-04 06:25:38,488 [WARN] IntegrityCheckThread:78 - waiting for thirdparty lock release [integrity check]
2025-10-04 06:25:38,488 [INFO] PluginManage:302 - Check plugin tools
2025-10-04 06:25:38,489 [INFO] IntegrityCheckThread:80 - entering critical section [integrity check]
2025-10-04 06:25:38,489 [INFO] ThirdPartyUpdaterWithRetryManager:66 - Updater plugin not ready yet. [1/15]
2025-10-04 06:25:38,542 [INFO] PluginManage:352 - Loaded plugin tools (category:base,tabindex:7)
2025-10-04 06:25:38,542 [INFO] PluginManage:302 - Check plugin tutovideos
2025-10-04 06:25:38,678 [INFO] PluginManage:352 - Loaded plugin tutovideos (category:base,tabindex:-1)
2025-10-04 06:25:38,678 [INFO] PluginManage:302 - Check plugin updater
2025-10-04 06:25:38,689 [INFO] PluginManage:352 - Loaded plugin updater (category:base,tabindex:12)
2025-10-04 06:25:38,689 [INFO] PluginManage:275 - PluginManage : Loaded plugins [13]
2025-10-04 06:25:38,794 [INFO] PinOutPanel:1463 - setPackage(No Configuration,No Configuration)
2025-10-04 06:25:38,855 [INFO] IPUIPlugin:74 - create IPUIPlugin
2025-10-04 06:25:38,855 [INFO] PluginManager:213 - loadIPPluginJar : add adc
2025-10-04 06:25:38,895 [INFO] IPUIPlugin:74 - create IPUIPlugin
2025-10-04 06:25:38,895 [INFO] PluginManager:213 - loadIPPluginJar : add aes
2025-10-04 06:25:38,938 [INFO] IPUIPlugin:74 - create IPUIPlugin
2025-10-04 06:25:38,938 [INFO] PluginManager:213 - loadIPPluginJar : add can
2025-10-04 06:25:38,969 [INFO] IPUIPlugin:74 - create IPUIPlugin
2025-10-04 06:25:38,970 [INFO] PluginManager:213 - loadIPPluginJar : add comp
2025-10-04 06:25:39,004 [INFO] IPUIPlugin:74 - create IPUIPlugin
2025-10-04 06:25:39,005 [INFO] PluginManager:213 - loadIPPluginJar : add cryp
2025-10-04 06:25:39,039 [INFO] IPUIPlugin:74 - create IPUIPlugin
2025-10-04 06:25:39,039 [INFO] PluginManager:213 - loadIPPluginJar : add dfsdm
2025-10-04 06:25:39,052 [INFO] IPUIPlugin:74 - create IPUIPlugin
2025-10-04 06:25:39,052 [INFO] PluginManager:213 - loadIPPluginJar : add dma
2025-10-04 06:25:39,103 [INFO] IPUIPlugin:74 - create IPUIPlugin
2025-10-04 06:25:39,103 [INFO] PluginManager:213 - loadIPPluginJar : add dma3
2025-10-04 06:25:39,132 [INFO] IPUIPlugin:74 - create IPUIPlugin
2025-10-04 06:25:39,132 [INFO] PluginManager:213 - loadIPPluginJar : add fatfs
2025-10-04 06:25:39,184 [INFO] IPUIPlugin:74 - create IPUIPlugin
2025-10-04 06:25:39,184 [INFO] PluginManager:213 - loadIPPluginJar : add fmc
2025-10-04 06:25:39,200 [INFO] IPUIPlugin:74 - create IPUIPlugin
2025-10-04 06:25:39,200 [INFO] PluginManager:213 - loadIPPluginJar : add freertos
2025-10-04 06:25:39,229 [INFO] IPUIPlugin:74 - create IPUIPlugin
2025-10-04 06:25:39,230 [INFO] PluginManager:213 - loadIPPluginJar : add genericplugin
2025-10-04 06:25:39,311 [INFO] IPUIPlugin:74 - create IPUIPlugin
2025-10-04 06:25:39,311 [INFO] PluginManager:213 - loadIPPluginJar : add gfxmmu
2025-10-04 06:25:39,425 [INFO] IPUIPlugin:74 - create IPUIPlugin
2025-10-04 06:25:39,425 [INFO] PluginManager:213 - loadIPPluginJar : add gic
2025-10-04 06:25:39,437 [INFO] IPUIPlugin:74 - create IPUIPlugin
2025-10-04 06:25:39,437 [INFO] PluginManager:213 - loadIPPluginJar : add gpio
2025-10-04 06:25:39,505 [INFO] IPUIPlugin:74 - create IPUIPlugin
2025-10-04 06:25:39,505 [INFO] PluginManager:213 - loadIPPluginJar : add gtzc
2025-10-04 06:25:39,539 [INFO] IPUIPlugin:74 - create IPUIPlugin
2025-10-04 06:25:39,539 [INFO] PluginManager:213 - loadIPPluginJar : add hash
2025-10-04 06:25:39,591 [INFO] IPUIPlugin:74 - create IPUIPlugin
2025-10-04 06:25:39,591 [INFO] PluginManager:213 - loadIPPluginJar : add i2c
2025-10-04 06:25:39,634 [INFO] IPUIPlugin:74 - create IPUIPlugin
2025-10-04 06:25:39,634 [INFO] PluginManager:213 - loadIPPluginJar : add i2s
2025-10-04 06:25:39,644 [INFO] IPUIPlugin:74 - create IPUIPlugin
2025-10-04 06:25:39,644 [INFO] PluginManager:213 - loadIPPluginJar : add ipddr
2025-10-04 06:25:39,724 [INFO] IPUIPlugin:74 - create IPUIPlugin
2025-10-04 06:25:39,724 [INFO] PluginManager:213 - loadIPPluginJar : add linkedlist
2025-10-04 06:25:39,766 [INFO] IPUIPlugin:74 - create IPUIPlugin
2025-10-04 06:25:39,766 [INFO] PluginManager:213 - loadIPPluginJar : add lorawan
2025-10-04 06:25:39,807 [INFO] IPUIPlugin:74 - create IPUIPlugin
2025-10-04 06:25:39,807 [INFO] PluginManager:213 - loadIPPluginJar : add ltdc
2025-10-04 06:25:39,818 [INFO] IPUIPlugin:74 - create IPUIPlugin
2025-10-04 06:25:39,819 [INFO] PluginManager:213 - loadIPPluginJar : add mdma
2025-10-04 06:25:39,829 [INFO] IPUIPlugin:74 - create IPUIPlugin
2025-10-04 06:25:39,829 [INFO] PluginManager:213 - loadIPPluginJar : add nvic
2025-10-04 06:25:39,871 [INFO] IPUIPlugin:74 - create IPUIPlugin
2025-10-04 06:25:39,871 [INFO] PluginManager:213 - loadIPPluginJar : add opamp
2025-10-04 06:25:39,930 [INFO] IPUIPlugin:74 - create IPUIPlugin
2025-10-04 06:25:39,930 [INFO] PluginManager:213 - loadIPPluginJar : add openamp
2025-10-04 06:25:39,976 [INFO] IPUIPlugin:74 - create IPUIPlugin
2025-10-04 06:25:39,976 [INFO] PluginManager:213 - loadIPPluginJar : add pdm2pcm
2025-10-04 06:25:39,989 [INFO] IPUIPlugin:74 - create IPUIPlugin
2025-10-04 06:25:39,990 [INFO] PluginManager:213 - loadIPPluginJar : add plateformsettings
2025-10-04 06:25:40,022 [INFO] IPUIPlugin:74 - create IPUIPlugin
2025-10-04 06:25:40,022 [INFO] PluginManager:213 - loadIPPluginJar : add quadspi
2025-10-04 06:25:40,033 [INFO] IPUIPlugin:74 - create IPUIPlugin
2025-10-04 06:25:40,033 [INFO] PluginManager:213 - loadIPPluginJar : add resmgrutility
2025-10-04 06:25:40,082 [INFO] IPUIPlugin:74 - create IPUIPlugin
2025-10-04 06:25:40,082 [INFO] PluginManager:213 - loadIPPluginJar : add sai
2025-10-04 06:25:40,126 [INFO] IPUIPlugin:74 - create IPUIPlugin
2025-10-04 06:25:40,126 [INFO] PluginManager:213 - loadIPPluginJar : add spi
2025-10-04 06:25:40,177 [INFO] IPUIPlugin:74 - create IPUIPlugin
2025-10-04 06:25:40,177 [INFO] PluginManager:213 - loadIPPluginJar : add stm32_wpan
2025-10-04 06:25:40,210 [INFO] IPUIPlugin:74 - create IPUIPlugin
2025-10-04 06:25:40,210 [INFO] PluginManager:213 - loadIPPluginJar : add tim
2025-10-04 06:25:40,265 [INFO] IPUIPlugin:74 - create IPUIPlugin
2025-10-04 06:25:40,265 [INFO] PluginManager:213 - loadIPPluginJar : add touchsensing
2025-10-04 06:25:40,295 [INFO] IPUIPlugin:74 - create IPUIPlugin
2025-10-04 06:25:40,295 [INFO] PluginManager:213 - loadIPPluginJar : add tracer_emb
2025-10-04 06:25:40,328 [INFO] IPUIPlugin:74 - create IPUIPlugin
2025-10-04 06:25:40,328 [INFO] PluginManager:213 - loadIPPluginJar : add ts
2025-10-04 06:25:40,358 [INFO] IPUIPlugin:74 - create IPUIPlugin
2025-10-04 06:25:40,358 [INFO] PluginManager:213 - loadIPPluginJar : add tsc
2025-10-04 06:25:40,389 [INFO] IPUIPlugin:74 - create IPUIPlugin
2025-10-04 06:25:40,389 [INFO] PluginManager:213 - loadIPPluginJar : add ucpd
2025-10-04 06:25:40,436 [INFO] IPUIPlugin:74 - create IPUIPlugin
2025-10-04 06:25:40,436 [INFO] PluginManager:213 - loadIPPluginJar : add usart
2025-10-04 06:25:40,480 [INFO] IPUIPlugin:74 - create IPUIPlugin
2025-10-04 06:25:40,480 [INFO] PluginManager:213 - loadIPPluginJar : add usbx
2025-10-04 06:25:40,717 [FATAL] Updater:294 - Updater called before beeing initialized
2025-10-04 06:25:40,773 [FATAL] Updater:294 - Updater called before beeing initialized
2025-10-04 06:25:40,782 [INFO] DbMcusAds:47 - JSON generation date=Tue Jul 08 15:14:23 ICT 2025 (1751962463524)
2025-10-04 06:25:40,783 [FATAL] Updater:294 - Updater called before beeing initialized
2025-10-04 06:25:40,806 [WARN] DetailPanel:314 - Failed to get advertising image, set to default
2025-10-04 06:25:40,854 [FATAL] Updater:294 - Updater called before beeing initialized
2025-10-04 06:25:40,855 [FATAL] Updater:294 - Updater called before beeing initialized
2025-10-04 06:25:40,855 [FATAL] Updater:294 - Updater called before beeing initialized
2025-10-04 06:25:40,856 [WARN] DetailPanel:314 - Failed to get advertising image, set to default
2025-10-04 06:25:40,856 [FATAL] Updater:294 - Updater called before beeing initialized
2025-10-04 06:25:40,890 [ERROR] Updater:1075 - MainUpdater not yet initialized. External WinMGr cannot be set.
2025-10-04 06:25:40,897 [INFO] Updater:1012 - Updater Version found : 6.3.0
2025-10-04 06:25:40,910 [INFO] ApplicationProperties:181 - Using Application install path: C:\ST\STM32CubeIDE_1.7.0\STM32CubeIDE\plugins\com.st.stm32cube.common.mx_6.3.0.202107141111
2025-10-04 06:25:41,504 [INFO] ThirdPartyUpdaterWithRetryManager:66 - Updater plugin not ready yet. [2/15]
2025-10-04 06:25:42,041 [INFO] MainUpdater:2671 - connection check result : 10
2025-10-04 06:25:42,041 [INFO] MainUpdater:3359 - Updater definition file requires update
2025-10-04 06:25:42,043 [INFO] MainUpdater:265 - Updater Check For Update Now.
2025-10-04 06:25:42,043 [INFO] MicroXplorer:478 - Change Database Version : DB.6.0.30
2025-10-04 06:25:43,330 [INFO] ServerAccessManage:362 - Download File updaters.zip
2025-10-04 06:25:43,380 [INFO] FileExtend:235 - Unzip File : updaters.zip
2025-10-04 06:25:43,381 [INFO] FileExtend:250 - Standard Zip Deflate
2025-10-04 06:25:44,263 [INFO] ServerAccessManage:362 - Download File PacksControlFlags.xml
2025-10-04 06:25:44,513 [WARN] MainUpdater:1122 - Updater busy. Cannot search thirdparties
2025-10-04 06:25:44,513 [INFO] ThirdPartyUpdaterWithRetryManager:92 - Updater plugin is busy. [1/15]
2025-10-04 06:25:44,965 [INFO] ServerAccessManage:362 - Download File cubemx.pidx
2025-10-04 06:25:46,319 [INFO] ServerAccessManage:362 - Download File STMicroelectronics.X-CUBE-FREERTOS.pdsc
2025-10-04 06:25:47,525 [WARN] MainUpdater:1122 - Updater busy. Cannot search thirdparties
2025-10-04 06:25:47,526 [INFO] ThirdPartyUpdaterWithRetryManager:92 - Updater plugin is busy. [2/15]
2025-10-04 06:25:50,535 [WARN] MainUpdater:1122 - Updater busy. Cannot search thirdparties
2025-10-04 06:25:50,535 [INFO] ThirdPartyUpdaterWithRetryManager:92 - Updater plugin is busy. [3/15]
2025-10-04 06:25:51,362 [INFO] ServerAccessManage:362 - Download File STMicroelectronics.X-CUBE-TOUCHGFX.pdsc
2025-10-04 06:25:52,945 [INFO] MainUpdater:2671 - connection check result : 10
2025-10-04 06:25:53,549 [WARN] MainUpdater:1122 - Updater busy. Cannot search thirdparties
2025-10-04 06:25:53,549 [INFO] ThirdPartyUpdaterWithRetryManager:92 - Updater plugin is busy. [4/15]
2025-10-04 06:25:56,562 [WARN] MainUpdater:1122 - Updater busy. Cannot search thirdparties
2025-10-04 06:25:56,562 [INFO] ThirdPartyUpdaterWithRetryManager:92 - Updater plugin is busy. [5/15]
2025-10-04 06:25:59,572 [WARN] MainUpdater:1122 - Updater busy. Cannot search thirdparties
2025-10-04 06:25:59,572 [INFO] ThirdPartyUpdaterWithRetryManager:92 - Updater plugin is busy. [6/15]
2025-10-04 06:26:02,580 [WARN] MainUpdater:1122 - Updater busy. Cannot search thirdparties
2025-10-04 06:26:02,581 [INFO] ThirdPartyUpdaterWithRetryManager:92 - Updater plugin is busy. [7/15]
2025-10-04 06:26:04,023 [INFO] McuFinderGlobals:52 - Set McuFinderConnectedMode to false
2025-10-04 06:26:04,078 [INFO] CrossSelectorPresenter:1330 - Cross Selector saved comparison directory: C:\Users\NCPC\.stmcufinder\plugins\mcufinder\mcu\cs_comparisons_mx
2025-10-04 06:26:04,082 [INFO] MultiScanPanel:197 - Auto-refresh data requested => check proxy status ongoing
2025-10-04 06:26:04,082 [INFO] MultiScanPanel:201 - Proxy status is invalid
2025-10-04 06:26:04,085 [INFO] FinderPluginLoader:87 - Searching for filters in installed packs
2025-10-04 06:26:04,086 [INFO] DbMcusXml:100 - Load MCU database from C:\ST\STM32CubeIDE_1.7.0\STM32CubeIDE\plugins\com.st.stm32cube.common.mx_6.3.0.202107141111\\db\/mcu/families.xml
2025-10-04 06:26:04,464 [INFO] DbMcusJson:93 - JSON generation date=Tue Nov 16 23:17:54 ICT 2021 (1637079474)
2025-10-04 06:26:04,786 [INFO] DbMcus:175 - Found 1951 MCUs (1903 are supported by CubeMX, 1914 are visible in CubeMX)
2025-10-04 06:26:04,787 [INFO] ApiDb:251 - Load user favorites file C:\Users\NCPC/.stm32cubeide/favorites.mcus.txt: 0 item(s)
2025-10-04 06:26:04,787 [INFO] ApiDb:255 - User favorites MCUs=[]
2025-10-04 06:26:04,787 [INFO] DbMcus:187 - Set 0 / 0 favorites MCUs
2025-10-04 06:26:05,053 [WARN] DetailPanel:314 - Failed to get advertising image, set to default
2025-10-04 06:26:05,319 [INFO] DbBoardsPdsc:90 - Found 25 items
2025-10-04 06:26:05,329 [INFO] DbBoardsPdsc:90 - Found 9 items
2025-10-04 06:26:05,340 [INFO] DbBoardsPdsc:90 - Found 33 items
2025-10-04 06:26:05,349 [INFO] DbBoardsPdsc:90 - Found 1 items
2025-10-04 06:26:05,361 [INFO] DbBoardsPdsc:90 - Found 48 items
2025-10-04 06:26:05,373 [INFO] DbBoardsPdsc:90 - Found 43 items
2025-10-04 06:26:05,383 [INFO] DbBoardsPdsc:90 - Found 2 items
2025-10-04 06:26:05,392 [INFO] DbBoardsPdsc:90 - Found 5 items
2025-10-04 06:26:05,405 [WARN] DbBoardsPdsc:254 - Board STM32H7B3I-DK: unknown feature type=Audio, name=, username=Audio stereo codec with Headphone Amp (CS42L51-CNZ), n=1
2025-10-04 06:26:05,405 [WARN] DbBoardsPdsc:254 - Board STM32H735G-DK: unknown feature type=Audio, name=, username=Audio stereo codec with Headphone Amp (WM8994ECS/R), n=1
2025-10-04 06:26:05,407 [WARN] DbBoardsPdsc:254 - Board STM32H7B3I-EVAL: unknown feature type=Audio, name=, username=Multi-Channel Audio Codec (CS42L51-CNZ), n=1
2025-10-04 06:26:05,407 [WARN] DbBoardsPdsc:254 - Board STM32H7B3I-EVAL: unknown feature type=Meter, name=, username=Power-metering and Temperature-monitoring with sigma-delta modulators, n=1
2025-10-04 06:26:05,407 [WARN] DbBoardsPdsc:254 - Board STM32H7B3I-EVAL: unknown feature type=Motor, name=, username=Motor Control, n=1
2025-10-04 06:26:05,407 [WARN] DbBoardsPdsc:254 - Board STM32U575I-EV: unknown feature type=joystick, name=, username=4-direction joystick with selection button, n=1
2025-10-04 06:26:05,436 [INFO] DbBoardsJson:86 - JSON generation date=Tue Nov 16 23:17:54 ICT 2021 (1637079474)
2025-10-04 06:26:05,438 [INFO] DbBoards:117 - Found 167 boards (163 are supported by CubeMX)
2025-10-04 06:26:05,448 [INFO] DbBoardsDocs:143 - JSON generation date=Tue Nov 16 23:17:54 ICT 2021 (1637079474)
2025-10-04 06:26:05,450 [INFO] DbBoardsDocs:79 - Found 209 boards documents
2025-10-04 06:26:05,450 [WARN] DbBoards:127 - board B-L475E-IOT01A2 has no document id list !
2025-10-04 06:26:05,451 [WARN] DbBoards:127 - board NUCLEO-H743ZI has no document id list !
2025-10-04 06:26:05,451 [WARN] DbBoards:127 - board NUCLEO-WL55JC2 has no document id list !
2025-10-04 06:26:05,451 [WARN] DbBoards:127 - board P-NUCLEO-WB55-Nucleo has no document id list !
2025-10-04 06:26:05,451 [WARN] DbBoards:127 - board P-NUCLEO-WB55-USBDongle has no document id list !
2025-10-04 06:26:05,451 [WARN] DbBoards:127 - board STEVAL-BFA001V1B has no document id list !
2025-10-04 06:26:05,451 [WARN] DbBoards:127 - board STEVAL-BFA001V2B has no document id list !
2025-10-04 06:26:05,451 [WARN] DbBoards:127 - board STEVAL-IDP005V1 has no document id list !
2025-10-04 06:26:05,451 [WARN] DbBoards:127 - board STEVAL-IDP005V2 has no document id list !
2025-10-04 06:26:05,451 [WARN] DbBoards:127 - board STEVAL-MKSBOX1V1 has no document id list !
2025-10-04 06:26:05,451 [WARN] DbBoards:127 - board STEVAL-STWINKT1 has no document id list !
2025-10-04 06:26:05,451 [WARN] DbBoards:127 - board STEVAL-STWINKT1B has no document id list !
2025-10-04 06:26:05,451 [WARN] DbBoards:127 - board STM32439I-EVAL2 has no document id list !
2025-10-04 06:26:05,452 [WARN] DbBoards:127 - board STM32F401C-DISCO has no document id list !
2025-10-04 06:26:05,452 [WARN] DbBoards:127 - board STM32F769I-DISC1 has no document id list !
2025-10-04 06:26:05,452 [WARN] DbBoards:127 - board STM32G474E-EVAL1 has no document id list !
2025-10-04 06:26:05,452 [WARN] DbBoards:127 - board STM32H743I-EVAL2 has no document id list !
2025-10-04 06:26:05,452 [WARN] DbBoards:127 - board STM32H747I-DISC1 has no document id list !
2025-10-04 06:26:05,452 [WARN] DbBoards:127 - board STM32H753I-EVAL2 has no document id list !
2025-10-04 06:26:05,452 [WARN] DbBoards:127 - board STM32L-DISCOVERY has no document id list !
2025-10-04 06:26:05,538 [ERROR] DbBoards:189 - Image file not found for board B-U585I-IOT02A: C:\ST\STM32CubeIDE_1.7.0\STM32CubeIDE\plugins\com.st.stm32cube.common.mx_6.3.0.202107141111\\db\/plugins/mcufinder/images/boards/B-U585I-IOT02A_small.jpg
2025-10-04 06:26:05,589 [WARN] MainUpdater:1122 - Updater busy. Cannot search thirdparties
2025-10-04 06:26:05,589 [INFO] ThirdPartyUpdaterWithRetryManager:92 - Updater plugin is busy. [8/15]
2025-10-04 06:26:05,597 [ERROR] DbBoards:189 - Image file not found for board NUCLEO-F413ZH: C:\ST\STM32CubeIDE_1.7.0\STM32CubeIDE\plugins\com.st.stm32cube.common.mx_6.3.0.202107141111\\db\/plugins/mcufinder/images/boards/nucleo-f413zh_small.jpg
2025-10-04 06:26:05,699 [ERROR] DbBoards:189 - Image file not found for board NUCLEO-L552ZE-Q: C:\ST\STM32CubeIDE_1.7.0\STM32CubeIDE\plugins\com.st.stm32cube.common.mx_6.3.0.202107141111\\db\/plugins/mcufinder/images/boards/nucleo_l552ze_q_small.jpg
2025-10-04 06:26:05,699 [ERROR] DbBoards:189 - Image file not found for board NUCLEO-U575ZI-Q: C:\ST\STM32CubeIDE_1.7.0\STM32CubeIDE\plugins\com.st.stm32cube.common.mx_6.3.0.202107141111\\db\/plugins/mcufinder/images/boards/nucleo-u575zi-q_small.jpg
2025-10-04 06:26:05,699 [ERROR] DbBoards:189 - Image file not found for board NUCLEO-WB15CC: C:\ST\STM32CubeIDE_1.7.0\STM32CubeIDE\plugins\com.st.stm32cube.common.mx_6.3.0.202107141111\\db\/plugins/mcufinder/images/boards/nucleo-wb15cc_small.jpg
2025-10-04 06:26:05,699 [ERROR] DbBoards:189 - Image file not found for board NUCLEO-WB55RG: C:\ST\STM32CubeIDE_1.7.0\STM32CubeIDE\plugins\com.st.stm32cube.common.mx_6.3.0.202107141111\\db\/plugins/mcufinder/images/boards/nucleo-wb55rg_small.jpg
2025-10-04 06:26:06,329 [INFO] ApiDb:251 - Load user favorites file C:\Users\NCPC/.stm32cubeide/favorites.boards.txt: 0 item(s)
2025-10-04 06:26:06,329 [INFO] ApiDb:255 - User favorites Boards=[]
2025-10-04 06:26:06,329 [INFO] DbBoards:206 - Set 0 / 0 favorites Boards
2025-10-04 06:26:08,514 [INFO] ServerAccessManage:362 - Download File WES.I-CUBE-Cesium.pdsc
2025-10-04 06:26:08,597 [WARN] MainUpdater:1122 - Updater busy. Cannot search thirdparties
2025-10-04 06:26:08,597 [INFO] ThirdPartyUpdaterWithRetryManager:92 - Updater plugin is busy. [9/15]
2025-10-04 06:26:11,608 [WARN] MainUpdater:1122 - Updater busy. Cannot search thirdparties
2025-10-04 06:26:11,608 [INFO] ThirdPartyUpdaterWithRetryManager:92 - Updater plugin is busy. [10/15]
2025-10-04 06:26:12,065 [ERROR] ServerAccessManage:974 - Problem, file not found on Server
2025-10-04 06:26:13,029 [ERROR] ServerAccessManage:974 - Problem, file not found on Server
2025-10-04 06:26:13,120 [WARN] PopulateThirdPartyThread:100 - Error when creating pack: C:/Users/NCPC/.stm32cubemx/thirdparties/pdsc/STMicroelectronics.X-CUBE-FREERTOS.pdsc
2025-10-04 06:26:13,138 [WARN] PackLoader:238 - Cannot read IP mode file for STMicroelectronics.X-CUBE-TOUCHGFX.4.26.0
2025-10-04 06:26:13,141 [WARN] PopulateThirdPartyThread:100 - Error when creating pack: C:/Users/NCPC/.stm32cubemx/thirdparties/pdsc/WES.I-CUBE-Cesium.pdsc
2025-10-04 06:26:13,141 [INFO] PopulateThirdPartyThread:60 - Ending populate Thread
2025-10-04 06:26:13,142 [INFO] ThirdParty:967 - CMSIS Pack Vendor :STMicroelectronics X-CUBE-TOUCHGFX 4.26.0
2025-10-04 06:26:13,142 [INFO] LoadServerUpdatesThread:339 - End of LoadServerUpdate Thread
2025-10-04 06:26:14,618 [WARN] MainUpdater:1122 - Updater busy. Cannot search thirdparties
2025-10-04 06:26:14,618 [INFO] ThirdPartyUpdaterWithRetryManager:92 - Updater plugin is busy. [11/15]
2025-10-04 06:26:15,982 [INFO] CheckServerUpdateThread:112 - End of CheckServer Thread
2025-10-04 06:26:17,704 [ERROR] Engine:463 - C:\Users\NCPC\.stm32cubemx\thirdparties\pdsc\STMicroelectronics.FP-SNS-MOTENVWB1.1.4.0.pdsc: PDSC version is not supported
2025-10-04 06:26:17,709 [WARN] PackLoader:238 - Cannot read IP mode file for STMicroelectronics.FP-ATR-ASTRA1.2.0.2
2025-10-04 06:26:17,720 [ERROR] Engine:463 - C:\Users\NCPC\.stm32cubemx\thirdparties\pdsc\STMicroelectronics.X-CUBE-SMBUS.2.1.0.pdsc: PDSC version is not supported
2025-10-04 06:26:17,728 [ERROR] Engine:463 - C:\Users\NCPC\.stm32cubemx\thirdparties\pdsc\STMicroelectronics.X-CUBE-ST60.1.0.0.pdsc: PDSC version is not supported
2025-10-04 06:26:17,752 [WARN] PackLoader:238 - Cannot read IP mode file for STMicroelectronics.X-CUBE-AZRTOS-F7.1.1.0
2025-10-04 06:26:17,756 [ERROR] Engine:463 - C:\Users\NCPC\.stm32cubemx\thirdparties\pdsc\WES.I-CUBE-Cesium.1.4.0.pdsc: PDSC version is not supported
2025-10-04 06:26:17,769 [ERROR] Engine:463 - C:\Users\NCPC\.stm32cubemx\thirdparties\pdsc\Infineon.AIROC-Wi-Fi-Bluetooth-STM32.1.7.1.pdsc: PDSC version is not supported
2025-10-04 06:26:17,798 [WARN] PackLoader:238 - Cannot read IP mode file for STMicroelectronics.X-CUBE-AZRTOS-H7.3.4.0
2025-10-04 06:26:17,810 [ERROR] Engine:463 - C:\Users\NCPC\.stm32cubemx\thirdparties\pdsc\STMicroelectronics.X-CUBE-DISPLAY.3.0.0.pdsc: PDSC version is not supported
2025-10-04 06:26:17,819 [WARN] PackLoader:238 - Cannot read IP mode file for STMicroelectronics.X-CUBE-NFC10.1.0.0
2025-10-04 06:26:17,829 [ERROR] Engine:463 - C:\Users\NCPC\.stm32cubemx\thirdparties\pdsc\emotas.I-CUBE-CANOPEN.1.3.0.pdsc: PDSC version is not supported
2025-10-04 06:26:17,837 [ERROR] Engine:463 - C:\Users\NCPC\.stm32cubemx\thirdparties\pdsc\STMicroelectronics.FP-SNS-STBOX1.2.1.0.pdsc: PDSC version is not supported
2025-10-04 06:26:17,845 [ERROR] Engine:463 - C:\Users\NCPC\.stm32cubemx\thirdparties\pdsc\STMicroelectronics.FP-SNS-SMARTAG2.1.2.0.pdsc: PDSC version is not supported
2025-10-04 06:26:17,847 [ERROR] Engine:463 - C:\Users\NCPC\.stm32cubemx\thirdparties\pdsc\STMicroelectronics.FP-SNS-FLIGHT1.5.1.0.pdsc: PDSC version is not supported
2025-10-04 06:26:17,860 [INFO] LogOutputStream:76 - [STDOUT_REDIRECT] 1 : Invalid condition id : UX_CORESTACK_Condition cause : null
2025-10-04 06:26:17,862 [INFO] LogOutputStream:76 - [STDOUT_REDIRECT] 1 : Invalid condition id : UX_CORESTACK_Condition cause : null
2025-10-04 06:26:17,863 [INFO] LogOutputStream:76 - [STDOUT_REDIRECT] 1 : Invalid condition id : UX_CORESTACK_Condition cause : null
2025-10-04 06:26:17,863 [INFO] LogOutputStream:76 - [STDOUT_REDIRECT] 1 : Invalid condition id : UX_CORESTACK_Condition cause : null
2025-10-04 06:26:17,864 [INFO] LogOutputStream:76 - [STDOUT_REDIRECT] 1 : Invalid condition id : UX_CORESTACK_Condition cause : null
2025-10-04 06:26:17,865 [WARN] PackLoader:238 - Cannot read IP mode file for STMicroelectronics.X-CUBE-AZRTOS-WL.2.0.0
2025-10-04 06:26:17,874 [ERROR] Engine:463 - C:\Users\NCPC\.stm32cubemx\thirdparties\pdsc\STMicroelectronics.FP-SNS-MOTENV1.5.0.0.pdsc: PDSC version is not supported
2025-10-04 06:26:17,883 [WARN] PackLoader:238 - Cannot read IP mode file for STMicroelectronics.X-CUBE-BLE2.3.3.0
2025-10-04 06:26:17,893 [WARN] PackLoader:238 - Cannot read IP mode file for STMicroelectronics.X-CUBE-NFC9.1.0.0
2025-10-04 06:26:17,904 [WARN] PackLoader:238 - Cannot read IP mode file for wolfSSL.I-CUBE-wolfSSL.5.8.2
2025-10-04 06:26:17,914 [WARN] PackLoader:238 - Cannot read IP mode file for STMicroelectronics.X-CUBE-BLE1.7.1.0
2025-10-04 06:26:17,917 [WARN] PackLoader:238 - Cannot read IP mode file for wolfSSL.I-CUBE-wolfMQTT.1.19.2
2025-10-04 06:26:17,928 [WARN] PackLoader:238 - Cannot read IP mode file for STMicroelectronics.X-CUBE-EEPRMA1.5.2.0
2025-10-04 06:26:17,949 [WARN] PackLoader:238 - Cannot read IP mode file for STMicroelectronics.X-CUBE-AZRTOS-G0.1.1.0
2025-10-04 06:26:17,962 [WARN] PackLoader:238 - Cannot read IP mode file for STMicroelectronics.X-CUBE-SAFEA1.1.2.2
2025-10-04 06:26:17,973 [WARN] PackLoader:238 - Cannot read IP mode file for STMicroelectronics.X-CUBE-NFC4.3.0.0
2025-10-04 06:26:17,983 [ERROR] Engine:463 - C:\Users\NCPC\.stm32cubemx\thirdparties\pdsc\EmbeddedOffice.I-CUBE-FS-RTOS.1.0.1.pdsc: PDSC version is not supported
2025-10-04 06:26:17,992 [WARN] PackLoader:238 - Cannot read IP mode file for STMicroelectronics.X-CUBE-WB05N.2.0.0
2025-10-04 06:26:17,995 [WARN] PackLoader:238 - Cannot read IP mode file for wolfSSL.I-CUBE-wolfTPM.3.8.0
2025-10-04 06:26:18,004 [ERROR] Engine:463 - C:\Users\NCPC\.stm32cubemx\thirdparties\pdsc\STMicroelectronics.X-CUBE-TCPP.4.2.0.pdsc: PDSC version is not supported
2025-10-04 06:26:18,011 [ERROR] Engine:463 - C:\Users\NCPC\.stm32cubemx\thirdparties\pdsc\RealThread.X-CUBE-RT-Thread_Nano.4.1.1.pdsc: PDSC version is not supported
2025-10-04 06:26:18,014 [WARN] PackLoader:238 - Cannot read IP mode file for STMicroelectronics.FP-ATR-SIGFOX1.3.2.0
2025-10-04 06:26:18,023 [ERROR] Engine:463 - C:\Users\NCPC\.stm32cubemx\thirdparties\pdsc\ITTIA_DB.I-CUBE-ITTIADB.8.9.0.pdsc: PDSC version is not supported
2025-10-04 06:26:18,031 [ERROR] Engine:463 - C:\Users\NCPC\.stm32cubemx\thirdparties\pdsc\STMicroelectronics.X-CUBE-ST67W61.1.0.0.pdsc: PDSC version is not supported
2025-10-04 06:26:18,040 [WARN] PackLoader:238 - Cannot read IP mode file for STMicroelectronics.X-CUBE-AI.10.2.0
2025-10-04 06:26:18,067 [WARN] PackLoader:238 - Cannot read IP mode file for SEGGER.I-CUBE-embOS.1.3.1
2025-10-04 06:26:18,099 [WARN] PackLoader:238 - Cannot read IP mode file for STMicroelectronics.X-CUBE-ALGOBUILD.1.4.0
2025-10-04 06:26:18,139 [WARN] PackLoader:238 - Cannot read IP mode file for STMicroelectronics.X-CUBE-MEMS1.11.3.0
2025-10-04 06:26:18,237 [WARN] PackLoader:238 - Cannot read IP mode file for STMicroelectronics.X-CUBE-PM33A1.1.0.0
2025-10-04 06:26:18,257 [WARN] PackLoader:238 - Cannot read IP mode file for STMicroelectronics.X-CUBE-AZRTOS-F4.1.1.0
2025-10-04 06:26:18,268 [ERROR] Engine:463 - C:\Users\NCPC\.stm32cubemx\thirdparties\pdsc\Avnet-IotConnect.X-CUBE-IoTC-DA16k-PMOD.1.0.0.pdsc: PDSC version is not supported
2025-10-04 06:26:18,277 [WARN] PackLoader:238 - Cannot read IP mode file for STMicroelectronics.X-CUBE-ISPU.2.1.0
2025-10-04 06:26:18,287 [WARN] PackLoader:238 - Cannot read IP mode file for STMicroelectronics.X-CUBE-NFC12.1.0.0
2025-10-04 06:26:18,308 [WARN] PackLoader:238 - Cannot read IP mode file for STMicroelectronics.X-CUBE-AZRTOS-L5.2.0.0
2025-10-04 06:26:18,321 [WARN] PackLoader:238 - Cannot read IP mode file for STMicroelectronics.X-CUBE-NFC6.3.1.0
2025-10-04 06:26:18,323 [ERROR] Engine:463 - C:\Users\NCPC\.stm32cubemx\thirdparties\pdsc\STMicroelectronics.X-CUBE-FREERTOS.1.3.1.pdsc: PDSC version is not supported
2025-10-04 06:26:18,325 [WARN] PackLoader:238 - Cannot read IP mode file for STMicroelectronics.X-CUBE-TOUCHGFX.4.26.0
2025-10-04 06:26:18,334 [ERROR] Engine:463 - C:\Users\NCPC\.stm32cubemx\thirdparties\pdsc\STMicroelectronics.FP-SNS-STAIOTCFT.1.0.0.pdsc: PDSC version is not supported
2025-10-04 06:26:18,342 [ERROR] Engine:463 - C:\Users\NCPC\.stm32cubemx\thirdparties\pdsc\STMicroelectronics.X-CUBE-DPower.1.3.0.pdsc: PDSC version is not supported
2025-10-04 06:26:18,363 [WARN] ConditionMgr:437 - getConditionDescription Invalid condition id : LAN8742 Phy interface Condition cause : null
2025-10-04 06:26:18,363 [WARN] PackLoader:238 - Cannot read IP mode file for STMicroelectronics.X-CUBE-AZRTOS-L4.2.0.0
2025-10-04 06:26:18,364 [WARN] ConditionMgr:1038 - genDependencies : Invalid condition id : LAN8742 Phy interface Condition cause : null
2025-10-04 06:26:18,364 [WARN] ConditionMgr:1038 - genDependencies : Invalid condition id : LAN8742 Phy interface Condition cause : null
2025-10-04 06:26:18,365 [WARN] ConditionMgr:1038 - genDependencies : Invalid condition id : LAN8742 Phy interface Condition cause : null
2025-10-04 06:26:18,377 [WARN] PackLoader:238 - Cannot read IP mode file for STMicroelectronics.X-CUBE-SFXS2LP1.4.0.0
2025-10-04 06:26:18,390 [ERROR] Engine:463 - C:\Users\NCPC\.stm32cubemx\thirdparties\pdsc\STMicroelectronics.X-CUBE-BLEMGR.4.1.0.pdsc: PDSC version is not supported
2025-10-04 06:26:18,408 [WARN] ConditionMgr:437 - getConditionDescription Invalid condition id : UX DEVICE CLASS RTOS Condition cause : null
2025-10-04 06:26:18,408 [WARN] ConditionMgr:437 - getConditionDescription Invalid condition id : UX DEVICE CLASS RTOS Condition cause : null
2025-10-04 06:26:18,409 [WARN] PackLoader:238 - Cannot read IP mode file for STMicroelectronics.X-CUBE-AZRTOS-WB.2.0.0
2025-10-04 06:26:18,409 [WARN] ConditionMgr:1038 - genDependencies : Invalid condition id : UX DEVICE CLASS RTOS Condition cause : null
2025-10-04 06:26:18,409 [WARN] ConditionMgr:1038 - genDependencies : Invalid condition id : UX DEVICE CLASS RTOS Condition cause : null
2025-10-04 06:26:18,409 [WARN] ConditionMgr:1038 - genDependencies : Invalid condition id : UX DEVICE CLASS RTOS Condition cause : null
2025-10-04 06:26:18,410 [WARN] ConditionMgr:1038 - genDependencies : Invalid condition id : UX DEVICE CLASS RTOS Condition cause : null
2025-10-04 06:26:18,410 [WARN] ConditionMgr:1038 - genDependencies : Invalid condition id : UX DEVICE CLASS RTOS Condition cause : null
2025-10-04 06:26:18,422 [WARN] PackLoader:238 - Cannot read IP mode file for STMicroelectronics.X-CUBE-GNSS1.7.0.1
2025-10-04 06:26:18,432 [WARN] PackLoader:238 - Cannot read IP mode file for STMicroelectronics.X-CUBE-TOUCHGFX.4.25.0
2025-10-04 06:26:18,433 [ERROR] Engine:463 - C:\Users\NCPC\.stm32cubemx\thirdparties\pdsc\quantropi.X-CUBE-qispace-sdk-base.2.1.0.pdsc: PDSC version is not supported
2025-10-04 06:26:18,447 [WARN] PackLoader:238 - Cannot read IP mode file for STMicroelectronics.X-CUBE-SUBG2.5.0.0
2025-10-04 06:26:18,474 [WARN] PackLoader:238 - Cannot read IP mode file for STMicroelectronics.X-CUBE-AZRTOS-H7RS.1.1.0
2025-10-04 06:26:18,478 [ERROR] Engine:463 - C:\Users\NCPC\.stm32cubemx\thirdparties\pdsc\Cesanta.I-CUBE-Mongoose.7.13.0.pdsc: PDSC version is not supported
2025-10-04 06:26:18,497 [WARN] PackLoader:238 - Cannot read IP mode file for STMicroelectronics.X-CUBE-AZRTOS-G4.2.0.0
2025-10-04 06:26:18,501 [WARN] PackLoader:238 - Cannot read IP mode file for wolfSSL.I-CUBE-wolfSSH.1.4.20
2025-10-04 06:26:18,511 [WARN] PackLoader:238 - Cannot read IP mode file for STMicroelectronics.X-CUBE-NFC7.2.0.0
2025-10-04 06:26:18,523 [ERROR] Engine:463 - C:\Users\NCPC\.stm32cubemx\thirdparties\pdsc\STMicroelectronics.X-CUBE-IPS.3.1.0.pdsc: PDSC version is not supported
2025-10-04 06:26:18,531 [ERROR] Engine:463 - C:\Users\NCPC\.stm32cubemx\thirdparties\pdsc\STMicroelectronics.X-CUBE-ALS.1.0.2.pdsc: PDSC version is not supported
2025-10-04 06:26:18,542 [WARN] PackLoader:238 - Cannot read IP mode file for STMicroelectronics.X-CUBE-STSE01.1.0.0
2025-10-04 06:26:18,555 [ERROR] Engine:463 - C:\Users\NCPC\.stm32cubemx\thirdparties\pdsc\STMicroelectronics.X-CUBE-TOF1.3.4.3.pdsc: PDSC version is not supported
2025-10-04 06:26:18,555 [INFO] ThirdParty:915 - Integrity check success = true
2025-10-04 06:26:18,556 [INFO] IntegrityCheckThread:94 - exiting critical section [integrity check]
2025-10-04 06:26:18,556 [INFO] IntegrityCheckThread:97 - End integrity checks thread
2025-10-04 06:26:26,744 [INFO] DbMcusDocs:143 - JSON generation date=Tue Nov 16 23:17:54 ICT 2021 (1637079474)
2025-10-04 06:26:26,892 [INFO] DbMcusDocs:79 - Found 682 MCUs documents
2025-10-04 06:26:35,962 [INFO] MainUpdater:2671 - connection check result : 10
2025-10-04 06:26:35,962 [INFO] MainUpdater:2671 - connection check result : 10
2025-10-04 06:26:36,007 [INFO] MicroXplorer:448 - Change Database Path : 
2025-10-04 06:26:36,007 [INFO] MicroXplorer:478 - Change Database Version : DB.6.0.30
2025-10-04 06:26:36,007 [WARN] ThirdParty:813 - waiting for thirdparty lock release [close project]
2025-10-04 06:26:36,007 [INFO] ThirdParty:815 - entering critical section [close project]
2025-10-04 06:26:36,008 [INFO] ThirdParty:825 - exiting critical section [close project]
2025-10-04 06:26:36,009 [INFO] PinOutPanel:1463 - setPackage(No Configuration,No Configuration)
2025-10-04 06:26:36,009 [INFO] UtilMem:74 - Begin LoadConfig() Used Memory: 579888400 Bytes (1013972992)
2025-10-04 06:26:36,010 [INFO] MicroXplorer:448 - Change Database Path : 
2025-10-04 06:26:36,010 [INFO] MicroXplorer:478 - Change Database Version : DB.6.0.30
2025-10-04 06:26:36,010 [INFO] OpenFileManager:313 - Change cursor
2025-10-04 06:26:36,546 [INFO] Context:592 - Trying to add GPIOservice into a context  which must be forbidden
2025-10-04 06:26:36,665 [INFO] ImportTextPane:167 - (OptionalMessage_ERROR) Unable to find key (Mcu.ThirdPartyNb) in loaded IOC file
2025-10-04 06:26:36,665 [INFO] ImportTextPane:167 - (OptionalMessage_ERROR) Unable to find key (Mcu.PinsNb) in loaded IOC file
2025-10-04 06:26:36,665 [INFO] ImportTextPane:167 - (OptionalMessage_ERROR) Unable to find key (Mcu.IPNb) in loaded IOC file
2025-10-04 06:26:36,688 [WARN] ApiManager:304 - Cannot register API 'Board Extension:PM33A1' from pack STMicroelectronics.X-CUBE-PM33A1.1.0.0: no header file found
2025-10-04 06:26:36,690 [WARN] ApiManager:304 - Cannot register API 'Board Extension:NFC09A1' from pack STMicroelectronics.X-CUBE-NFC9.1.0.0: no header file found
2025-10-04 06:26:36,693 [WARN] ApiManager:304 - Cannot register API 'Wireless:BlueNRG-MS' from pack STMicroelectronics.X-CUBE-BLE1.7.1.0: no header file found
2025-10-04 06:26:36,694 [WARN] ApiManager:304 - Cannot register API 'Board Extension:EEPRMA2' from pack STMicroelectronics.X-CUBE-EEPRMA1.5.2.0: no header file found
2025-10-04 06:26:36,694 [WARN] ApiManager:304 - Cannot register API 'Board Extension:PGEEZ1' from pack STMicroelectronics.X-CUBE-EEPRMA1.5.2.0: no header file found
2025-10-04 06:26:36,695 [WARN] ApiManager:304 - Cannot register API 'Board Extension:EEICA1' from pack STMicroelectronics.X-CUBE-EEPRMA1.5.2.0: no header file found
2025-10-04 06:26:36,695 [WARN] ApiManager:304 - Cannot register API 'Board Part:M24' from pack STMicroelectronics.X-CUBE-EEPRMA1.5.2.0: no header file found
2025-10-04 06:26:36,695 [WARN] ApiManager:304 - Cannot register API 'Board Part:M95' from pack STMicroelectronics.X-CUBE-EEPRMA1.5.2.0: no header file found
2025-10-04 06:26:36,695 [WARN] ApiManager:304 - Cannot register API 'Board Part:M95P32' from pack STMicroelectronics.X-CUBE-EEPRMA1.5.2.0: no header file found
2025-10-04 06:26:36,695 [WARN] ApiManager:304 - Cannot register API 'Board Part:M24256E-F' from pack STMicroelectronics.X-CUBE-EEPRMA1.5.2.0: no header file found
2025-10-04 06:26:36,695 [WARN] ApiManager:304 - Cannot register API 'Board Part:M24M01E-F' from pack STMicroelectronics.X-CUBE-EEPRMA1.5.2.0: no header file found
2025-10-04 06:26:36,695 [WARN] ApiManager:304 - Cannot register API 'PGEEZ1:SPI' from pack STMicroelectronics.X-CUBE-EEPRMA1.5.2.0: no header file found
2025-10-04 06:26:36,695 [WARN] ApiManager:304 - Cannot register API 'PGEEZ1:QDSPI' from pack STMicroelectronics.X-CUBE-EEPRMA1.5.2.0: no header file found
2025-10-04 06:26:36,697 [WARN] ApiManager:304 - Cannot register API 'Board Extension:GNSS1A1' from pack STMicroelectronics.X-CUBE-GNSS1.7.0.1: no header file found
2025-10-04 06:26:36,697 [WARN] ApiManager:304 - Cannot register API 'Board Support:Custom' from pack STMicroelectronics.X-CUBE-GNSS1.7.0.1: no header file found
2025-10-04 06:26:36,697 [WARN] ApiManager:304 - Cannot register API 'Data Exchange:lib_gnss' from pack STMicroelectronics.X-CUBE-GNSS1.7.0.1: no header file found
2025-10-04 06:26:36,698 [WARN] ApiManager:304 - Cannot register API 'Board Extension:NFC12A1' from pack STMicroelectronics.X-CUBE-NFC12.1.0.0: no header file found
2025-10-04 06:26:36,702 [WARN] ApiManager:304 - Cannot register API 'Board Extension:NFC06A1' from pack STMicroelectronics.X-CUBE-NFC6.3.1.0: no header file found
2025-10-04 06:26:36,702 [WARN] ApiManager:304 - Cannot register API 'Board Extension:NFC08A1' from pack STMicroelectronics.X-CUBE-NFC6.3.1.0: no header file found
2025-10-04 06:26:36,703 [INFO] RtosManager:484 - Registered RTOS mode: class=CMSIS, group=RTOS, mode=CMSIS_V1, owner=FREERTOS
2025-10-04 06:26:36,703 [INFO] RtosManager:484 - Registered RTOS mode: class=CMSIS, group=RTOS2, mode=CMSIS_V2, owner=FREERTOS
2025-10-04 06:26:36,703 [INFO] RtosManager:484 - Registered RTOS mode: class=RTOS, group=Core, mode=CMSIS_V1, owner=FREERTOS
2025-10-04 06:26:36,703 [INFO] RtosManager:484 - Registered RTOS mode: class=RTOS, group=Core, mode=CMSIS_V2, owner=FREERTOS
2025-10-04 06:26:36,703 [WARN] ModelIntegratedComponent:181 - Missing modes for component STMicroelectronics:FreeRTOS:0.0.1:STMicroelectronics:RTOS:FreeRTOS:Core:::10.2.0:
2025-10-04 06:26:36,704 [WARN] ApiManager:304 - Cannot register API 'Board Extension:STSAFEA1' from pack STMicroelectronics.X-CUBE-SAFEA1.1.2.2: no header file found
2025-10-04 06:26:36,704 [WARN] ApiManager:304 - Cannot register API 'Board Part:STSAFEA110' from pack STMicroelectronics.X-CUBE-SAFEA1.1.2.2: no header file found
2025-10-04 06:26:36,704 [WARN] ApiManager:304 - Cannot register API 'Security:ST_Cryptolib' from pack STMicroelectronics.X-CUBE-SAFEA1.1.2.2: no header file found
2025-10-04 06:26:36,704 [WARN] ApiManager:304 - Cannot register API 'Security:MbedTLS' from pack STMicroelectronics.X-CUBE-SAFEA1.1.2.2: no header file found
2025-10-04 06:26:36,705 [WARN] ApiManager:304 - Cannot register API 'Board Extension:NFC04A1' from pack STMicroelectronics.X-CUBE-NFC4.3.0.0: no header file found
2025-10-04 06:26:36,707 [WARN] ApiManager:304 - Cannot register API 'Board Extension:S2868A1' from pack STMicroelectronics.X-CUBE-SUBG2.5.0.0: no header file found
2025-10-04 06:26:36,707 [WARN] ApiManager:304 - Cannot register API 'Board Extension:S2868A2' from pack STMicroelectronics.X-CUBE-SUBG2.5.0.0: no header file found
2025-10-04 06:26:36,707 [WARN] ApiManager:304 - Cannot register API 'Board Extension:S2915A1' from pack STMicroelectronics.X-CUBE-SUBG2.5.0.0: no header file found
2025-10-04 06:26:36,709 [WARN] ApiManager:304 - Cannot register API 'Wireless:STM32WB05N' from pack STMicroelectronics.X-CUBE-WB05N.2.0.0: no header file found
2025-10-04 06:26:36,711 [WARN] ApiManager:304 - Cannot register API 'Board Extension:NFC07A1' from pack STMicroelectronics.X-CUBE-NFC7.2.0.0: no header file found
2025-10-04 06:26:36,711 [WARN] ApiManager:304 - Cannot register API 'Board Extension:NFC10A1' from pack STMicroelectronics.X-CUBE-NFC10.1.0.0: no header file found
2025-10-04 06:26:36,712 [WARN] ModelIntegratedComponent:60 - No mode defined for component null
2025-10-04 06:26:36,712 [WARN] ModelIntegratedComponent:60 - No mode defined for component null
2025-10-04 06:26:36,712 [WARN] ModelIntegratedComponent:60 - No mode defined for component null
2025-10-04 06:26:36,712 [WARN] ModelIntegratedComponent:60 - No mode defined for component null
2025-10-04 06:26:36,712 [WARN] ModelIntegratedComponent:60 - No mode defined for component null
2025-10-04 06:26:36,712 [WARN] ModelIntegratedComponent:60 - No mode defined for component null
2025-10-04 06:26:36,712 [WARN] ModelIntegratedComponent:60 - No mode defined for component null
2025-10-04 06:26:36,712 [WARN] ModelIntegratedComponent:60 - No mode defined for component null
2025-10-04 06:26:36,713 [WARN] ModelIntegratedComponent:60 - No mode defined for component null
2025-10-04 06:26:36,713 [WARN] ModelIntegratedComponent:60 - No mode defined for component null
2025-10-04 06:26:36,713 [WARN] ModelIntegratedComponent:60 - No mode defined for component null
2025-10-04 06:26:36,713 [WARN] ModelIntegratedComponent:60 - No mode defined for component null
2025-10-04 06:26:36,713 [WARN] ModelIntegratedComponent:60 - No mode defined for component null
2025-10-04 06:26:36,713 [WARN] ModelIntegratedComponent:60 - No mode defined for component null
2025-10-04 06:26:36,713 [WARN] ModelIntegratedComponent:60 - No mode defined for component null
2025-10-04 06:26:36,713 [WARN] ModelIntegratedComponent:60 - No mode defined for component null
2025-10-04 06:26:36,713 [WARN] ModelIntegratedComponent:60 - No mode defined for component null
2025-10-04 06:26:36,713 [WARN] ModelIntegratedComponent:60 - No mode defined for component null
2025-10-04 06:26:36,713 [WARN] ModelIntegratedComponent:60 - No mode defined for component null
2025-10-04 06:26:36,713 [WARN] ModelIntegratedComponent:60 - No mode defined for component null
2025-10-04 06:26:36,713 [WARN] ModelIntegratedComponent:60 - No mode defined for component null
2025-10-04 06:26:36,713 [WARN] ModelIntegratedComponent:60 - No mode defined for component null
2025-10-04 06:26:36,713 [WARN] ModelIntegratedComponent:60 - No mode defined for component null
2025-10-04 06:26:36,713 [WARN] ModelIntegratedComponent:60 - No mode defined for component null
2025-10-04 06:26:36,713 [WARN] ModelIntegratedComponent:60 - No mode defined for component null
2025-10-04 06:26:36,713 [WARN] ModelIntegratedComponent:60 - No mode defined for component null
2025-10-04 06:26:36,713 [WARN] ModelIntegratedComponent:60 - No mode defined for component null
2025-10-04 06:26:36,713 [WARN] ModelIntegratedComponent:60 - No mode defined for component null
2025-10-04 06:26:36,713 [WARN] ModelIntegratedComponent:60 - No mode defined for component null
2025-10-04 06:26:36,713 [WARN] ModelIntegratedComponent:60 - No mode defined for component null
2025-10-04 06:26:36,713 [WARN] ModelIntegratedComponent:60 - No mode defined for component null
2025-10-04 06:26:36,714 [WARN] ApiManager:304 - Cannot register API 'Board Extension:SAFEA1' from pack STMicroelectronics.X-CUBE-STSE01.1.0.0: no header file found
2025-10-04 06:26:36,714 [WARN] ApiManager:304 - Cannot register API 'Board Extension:ESE01A1' from pack STMicroelectronics.X-CUBE-STSE01.1.0.0: no header file found
2025-10-04 06:26:36,714 [WARN] ApiManager:304 - Cannot register API 'Board Part:STSAFEA110' from pack STMicroelectronics.X-CUBE-STSE01.1.0.0: no header file found
2025-10-04 06:26:36,714 [WARN] ApiManager:304 - Cannot register API 'Board Part:STSAFEA120' from pack STMicroelectronics.X-CUBE-STSE01.1.0.0: no header file found
2025-10-04 06:26:36,714 [WARN] ApiManager:304 - Cannot register API 'Security:STM32_Cryptographic' from pack STMicroelectronics.X-CUBE-STSE01.1.0.0: no header file found
2025-10-04 06:26:36,714 [WARN] ApiManager:304 - Cannot register API 'Security:STSELib' from pack STMicroelectronics.X-CUBE-STSE01.1.0.0: no header file found
2025-10-04 06:26:36,812 [WARN] ApiManager:304 - Cannot register API 'Board Extension:IKS01A3' from pack STMicroelectronics.X-CUBE-MEMS1.11.3.0: no header file found
2025-10-04 06:26:36,812 [WARN] ApiManager:304 - Cannot register API 'Board Extension:IKS02A1' from pack STMicroelectronics.X-CUBE-MEMS1.11.3.0: no header file found
2025-10-04 06:26:36,812 [WARN] ApiManager:304 - Cannot register API 'Board Extension:IKS4A1' from pack STMicroelectronics.X-CUBE-MEMS1.11.3.0: no header file found
2025-10-04 06:26:36,817 [WARN] ApiManager:304 - Cannot register API 'Board Extension:S2868A1' from pack STMicroelectronics.X-CUBE-SFXS2LP1.4.0.0: no header file found
2025-10-04 06:26:36,817 [WARN] ApiManager:304 - Cannot register API 'Board Extension:S2868A2' from pack STMicroelectronics.X-CUBE-SFXS2LP1.4.0.0: no header file found
2025-10-04 06:26:36,817 [WARN] ApiManager:304 - Cannot register API 'Board Extension:S2915A1' from pack STMicroelectronics.X-CUBE-SFXS2LP1.4.0.0: no header file found
2025-10-04 06:26:36,817 [WARN] ApiManager:304 - Cannot register API 'Wireless:BlueNRG-2' from pack STMicroelectronics.X-CUBE-BLE2.3.3.0: no header file found
2025-10-04 06:26:37,725 [INFO] UtilMem:74 - End LoadConfig() Used Memory: 524187328 Bytes (1013972992)
2025-10-04 06:26:37,733 [WARN] ThirdParty:779 - waiting for thirdparty lock release [change project]
2025-10-04 06:26:37,734 [INFO] ThirdParty:781 - entering critical section [change project]
2025-10-04 06:26:37,734 [INFO] ThirdParty:967 - CMSIS Pack Vendor :STMicroelectronics X-CUBE-PM33A1 1.0.0
2025-10-04 06:26:37,734 [INFO] ThirdParty:967 - CMSIS Pack Vendor :STMicroelectronics X-CUBE-NFC9 1.0.0
2025-10-04 06:26:37,734 [INFO] ThirdParty:967 - CMSIS Pack Vendor :STMicroelectronics USB_HOST 2.0.0
2025-10-04 06:26:37,734 [INFO] ThirdParty:967 - CMSIS Pack Vendor :STMicroelectronics X-CUBE-AZRTOS-F4 1.1.0
2025-10-04 06:26:37,734 [INFO] ThirdParty:967 - CMSIS Pack Vendor :STMicroelectronics FP-ATR-ASTRA1 2.0.2
2025-10-04 06:26:37,734 [INFO] ThirdParty:967 - CMSIS Pack Vendor :wolfSSL I-CUBE-wolfSSL 5.8.2
2025-10-04 06:26:37,734 [INFO] ThirdParty:967 - CMSIS Pack Vendor :STMicroelectronics X-CUBE-BLE1 7.1.0
2025-10-04 06:26:37,734 [INFO] ThirdParty:967 - CMSIS Pack Vendor :wolfSSL I-CUBE-wolfMQTT 1.19.2
2025-10-04 06:26:37,734 [INFO] ThirdParty:967 - CMSIS Pack Vendor :STMicroelectronics USB_DEVICE 3.0.0
2025-10-04 06:26:37,734 [INFO] ThirdParty:967 - CMSIS Pack Vendor :STMicroelectronics X-CUBE-ISPU 2.1.0
2025-10-04 06:26:37,734 [INFO] ThirdParty:967 - CMSIS Pack Vendor :STMicroelectronics X-CUBE-EEPRMA1 5.2.0
2025-10-04 06:26:37,734 [INFO] ThirdParty:967 - CMSIS Pack Vendor :STMicroelectronics X-CUBE-AZRTOS-WB 2.0.0
2025-10-04 06:26:37,734 [INFO] ThirdParty:967 - CMSIS Pack Vendor :STMicroelectronics X-CUBE-GNSS1 7.0.1
2025-10-04 06:26:37,734 [INFO] ThirdParty:967 - CMSIS Pack Vendor :STMicroelectronics X-CUBE-NFC12 1.0.0
2025-10-04 06:26:37,734 [INFO] ThirdParty:967 - CMSIS Pack Vendor :STMicroelectronics X-CUBE-AZRTOS-F7 1.1.0
2025-10-04 06:26:37,734 [INFO] ThirdParty:967 - CMSIS Pack Vendor :STMicroelectronics X-CUBE-AZRTOS-L5 2.0.0
2025-10-04 06:26:37,734 [INFO] ThirdParty:967 - CMSIS Pack Vendor :STMicroelectronics X-CUBE-TOUCHGFX 4.25.0
2025-10-04 06:26:37,734 [INFO] ThirdParty:967 - CMSIS Pack Vendor :STMicroelectronics USB_DEVICE 2.0.0
2025-10-04 06:26:37,734 [INFO] ThirdParty:967 - CMSIS Pack Vendor :STMicroelectronics X-CUBE-NFC6 3.1.0
2025-10-04 06:26:37,734 [INFO] ThirdParty:967 - CMSIS Pack Vendor :STMicroelectronics FreeRTOS 0.0.1
2025-10-04 06:26:37,734 [INFO] ThirdParty:967 - CMSIS Pack Vendor :STMicroelectronics X-CUBE-AZRTOS-G0 1.1.0
2025-10-04 06:26:37,734 [INFO] ThirdParty:967 - CMSIS Pack Vendor :STMicroelectronics X-CUBE-SAFEA1 1.2.2
2025-10-04 06:26:37,734 [INFO] ThirdParty:967 - CMSIS Pack Vendor :STMicroelectronics X-CUBE-NFC4 3.0.0
2025-10-04 06:26:37,734 [INFO] ThirdParty:967 - CMSIS Pack Vendor :STMicroelectronics X-CUBE-SUBG2 5.0.0
2025-10-04 06:26:37,734 [INFO] ThirdParty:967 - CMSIS Pack Vendor :STMicroelectronics X-CUBE-AZRTOS-H7RS 1.1.0
2025-10-04 06:26:37,734 [INFO] ThirdParty:967 - CMSIS Pack Vendor :STMicroelectronics lwIP 2.0.3
2025-10-04 06:26:37,734 [INFO] ThirdParty:967 - CMSIS Pack Vendor :STMicroelectronics USB_HOST 1.0.0
2025-10-04 06:26:37,734 [INFO] ThirdParty:967 - CMSIS Pack Vendor :STMicroelectronics X-CUBE-AZRTOS-G4 2.0.0
2025-10-04 06:26:37,734 [INFO] ThirdParty:967 - CMSIS Pack Vendor :STMicroelectronics X-CUBE-WB05N 2.0.0
2025-10-04 06:26:37,734 [INFO] ThirdParty:967 - CMSIS Pack Vendor :STMicroelectronics PDM2PCM 3.1.0
2025-10-04 06:26:37,734 [INFO] ThirdParty:967 - CMSIS Pack Vendor :STMicroelectronics PDM2PCM 3.3.0
2025-10-04 06:26:37,734 [INFO] ThirdParty:967 - CMSIS Pack Vendor :wolfSSL I-CUBE-wolfTPM 3.8.0
2025-10-04 06:26:37,734 [INFO] ThirdParty:967 - CMSIS Pack Vendor :STMicroelectronics X-CUBE-AZRTOS-H7 3.4.0
2025-10-04 06:26:37,734 [INFO] ThirdParty:967 - CMSIS Pack Vendor :wolfSSL I-CUBE-wolfSSH 1.4.20
2025-10-04 06:26:37,734 [INFO] ThirdParty:967 - CMSIS Pack Vendor :STMicroelectronics X-CUBE-NFC7 2.0.0
2025-10-04 06:26:37,735 [INFO] ThirdParty:967 - CMSIS Pack Vendor :STMicroelectronics FP-ATR-SIGFOX1 3.2.0
2025-10-04 06:26:37,735 [INFO] ThirdParty:967 - CMSIS Pack Vendor :STMicroelectronics X-CUBE-NFC10 1.0.0
2025-10-04 06:26:37,735 [INFO] ThirdParty:967 - CMSIS Pack Vendor :STMicroelectronics HAL Drivers 0.0.0
2025-10-04 06:26:37,735 [INFO] ThirdParty:967 - CMSIS Pack Vendor :STMicroelectronics MBEDTLS 2.16.2
2025-10-04 06:26:37,735 [INFO] ThirdParty:967 - CMSIS Pack Vendor :STMicroelectronics MBEDTLS 2.14.1
2025-10-04 06:26:37,735 [INFO] ThirdParty:967 - CMSIS Pack Vendor :STMicroelectronics X-CUBE-TOUCHGFX 4.26.0
2025-10-04 06:26:37,735 [INFO] ThirdParty:967 - CMSIS Pack Vendor :STMicroelectronics X-CUBE-STSE01 1.0.0
2025-10-04 06:26:37,735 [INFO] ThirdParty:967 - CMSIS Pack Vendor :STMicroelectronics X-CUBE-AI 10.2.0
2025-10-04 06:26:37,735 [INFO] ThirdParty:967 - CMSIS Pack Vendor :STMicroelectronics X-CUBE-AZRTOS-WL 2.0.0
2025-10-04 06:26:37,735 [INFO] ThirdParty:967 - CMSIS Pack Vendor :SEGGER I-CUBE-embOS 1.3.1
2025-10-04 06:26:37,735 [INFO] ThirdParty:967 - CMSIS Pack Vendor :STMicroelectronics X-CUBE-ALGOBUILD 1.4.0
2025-10-04 06:26:37,735 [INFO] ThirdParty:967 - CMSIS Pack Vendor :STMicroelectronics X-CUBE-MEMS1 11.3.0
2025-10-04 06:26:37,735 [INFO] ThirdParty:967 - CMSIS Pack Vendor :STMicroelectronics USB_DEVICE 1.0.0
2025-10-04 06:26:37,735 [INFO] ThirdParty:967 - CMSIS Pack Vendor :STMicroelectronics X-CUBE-AZRTOS-L4 2.0.0
2025-10-04 06:26:37,735 [INFO] ThirdParty:967 - CMSIS Pack Vendor :STMicroelectronics ThreadX 0.0.2
2025-10-04 06:26:37,735 [INFO] ThirdParty:967 - CMSIS Pack Vendor :STMicroelectronics lwIP 2.1.2
2025-10-04 06:26:37,735 [INFO] ThirdParty:967 - CMSIS Pack Vendor :STMicroelectronics X-CUBE-SFXS2LP1 4.0.0
2025-10-04 06:26:37,735 [INFO] ThirdParty:967 - CMSIS Pack Vendor :STMicroelectronics X-CUBE-BLE2 3.3.0
2025-10-04 06:26:37,735 [INFO] ThirdParty:967 - CMSIS Pack Vendor :STMicroelectronics PDM2PCM 3.2.0
2025-10-04 06:26:37,735 [INFO] ThirdParty:787 - exiting critical section [change project]
2025-10-04 06:26:37,858 [INFO] PinOutPanel:1463 - setPackage(No Configuration,No Configuration)
2025-10-04 06:26:37,859 [INFO] PinOutPanel:1463 - setPackage(STM32F103C6Ux,UFQFPN48)
2025-10-04 06:26:38,045 [INFO] UtilMem:74 - Before build in PCC Used Memory: 622753472 Bytes (1013972992)
2025-10-04 06:26:38,409 [INFO] UtilMem:74 - After build in PCC Used Memory: 700917584 Bytes (1013972992)
2025-10-04 06:26:38,421 [INFO] IPUIPlugin:74 - create IPUIPlugin
2025-10-04 06:26:38,421 [INFO] IPUIPlugin:74 - create IPUIPlugin
2025-10-04 06:26:38,421 [INFO] IPUIPlugin:74 - create IPUIPlugin
2025-10-04 06:26:38,421 [INFO] IPUIPlugin:74 - create IPUIPlugin
2025-10-04 06:26:38,421 [INFO] IPUIPlugin:74 - create IPUIPlugin
2025-10-04 06:26:38,421 [INFO] IPUIPlugin:74 - create IPUIPlugin
2025-10-04 06:26:38,421 [INFO] IPUIPlugin:74 - create IPUIPlugin
2025-10-04 06:26:38,421 [INFO] IPUIPlugin:74 - create IPUIPlugin
2025-10-04 06:26:38,421 [INFO] IPUIPlugin:74 - create IPUIPlugin
2025-10-04 06:26:38,422 [INFO] IPUIPlugin:74 - create IPUIPlugin
2025-10-04 06:26:38,422 [INFO] IPUIPlugin:74 - create IPUIPlugin
2025-10-04 06:26:38,422 [INFO] IPUIPlugin:74 - create IPUIPlugin
2025-10-04 06:26:38,422 [INFO] IPUIPlugin:74 - create IPUIPlugin
2025-10-04 06:26:38,422 [INFO] IPUIPlugin:74 - create IPUIPlugin
2025-10-04 06:26:38,422 [INFO] IPUIPlugin:74 - create IPUIPlugin
2025-10-04 06:26:38,422 [INFO] IPUIPlugin:74 - create IPUIPlugin
2025-10-04 06:26:38,422 [INFO] IPUIPlugin:74 - create IPUIPlugin
2025-10-04 06:26:38,423 [INFO] IPUIPlugin:74 - create IPUIPlugin
2025-10-04 06:26:38,423 [INFO] IPUIPlugin:74 - create IPUIPlugin
2025-10-04 06:26:38,423 [INFO] IPUIPlugin:74 - create IPUIPlugin
2025-10-04 06:26:38,423 [INFO] IPUIPlugin:74 - create IPUIPlugin
2025-10-04 06:26:38,423 [INFO] IPUIPlugin:74 - create IPUIPlugin
2025-10-04 06:26:38,424 [INFO] IPUIPlugin:74 - create IPUIPlugin
2025-10-04 06:26:38,493 [INFO] OpenFileManager:333 - Restore cursor
2025-10-04 06:26:38,630 [INFO] UtilMem:74 - End SaveConfig() Used Memory: 771174328 Bytes (1013972992)
2025-10-04 06:26:38,653 [INFO] UtilMem:74 - End SaveConfig() Used Memory: 783718104 Bytes (1013972992)
2025-10-04 06:26:38,803 [INFO] BlockDiagram:2740 - set Specific Code input for plugin: NVIC
2025-10-04 06:26:38,803 [INFO] BlockDiagram:2740 - set Specific Code input for plugin: SYS
2025-10-04 06:26:38,803 [INFO] BlockDiagram:2740 - set Specific Code input for plugin: RCC
2025-10-04 06:26:38,804 [INFO] CodeGenerator:663 - code generatio: config db path: C:\ST\STM32CubeIDE_1.7.0\STM32CubeIDE\plugins\com.st.stm32cube.common.mx_6.3.0.202107141111\\db\
2025-10-04 06:26:38,939 [INFO] CodeEngine:239 - oldGeneratedFile, C:\VXLWorkspace\Project-2\Stm32Cube\Project2\MXTmpFiles\license.tmp_save
2025-10-04 06:26:39,107 [INFO] CodeEngine:257 - Generated code: C:\VXLWorkspace\Project-2\Stm32Cube\Project2\MXTmpFiles\license.tmp
2025-10-04 06:26:39,185 [INFO] CodeEngine:239 - oldGeneratedFile, C:\VXLWorkspace\Project-2\Stm32Cube\Project2\Core\Src\stm32f1xx_it.c_save
2025-10-04 06:26:39,255 [INFO] CodeEngine:257 - Generated code: C:\VXLWorkspace\Project-2\Stm32Cube\Project2\Core\Src\stm32f1xx_it.c
2025-10-04 06:26:39,262 [INFO] CodeEngine:239 - oldGeneratedFile, C:\VXLWorkspace\Project-2\Stm32Cube\Project2\Core\Inc\stm32f1xx_it.h_save
2025-10-04 06:26:39,308 [INFO] CodeEngine:257 - Generated code: C:\VXLWorkspace\Project-2\Stm32Cube\Project2\Core\Inc\stm32f1xx_it.h
2025-10-04 06:26:39,319 [INFO] CodeEngine:239 - oldGeneratedFile, C:\VXLWorkspace\Project-2\Stm32Cube\Project2\Core\Src\stm32f1xx_hal_msp.c_save
2025-10-04 06:26:39,384 [INFO] CodeEngine:257 - Generated code: C:\VXLWorkspace\Project-2\Stm32Cube\Project2\Core\Src\stm32f1xx_hal_msp.c
2025-10-04 06:26:39,392 [INFO] CodeEngine:239 - oldGeneratedFile, C:\VXLWorkspace\Project-2\Stm32Cube\Project2\MXTmpFiles\system.tmp_save
2025-10-04 06:26:39,428 [INFO] CodeEngine:257 - Generated code: C:\VXLWorkspace\Project-2\Stm32Cube\Project2\MXTmpFiles\system.tmp
2025-10-04 06:26:39,438 [INFO] CodeEngine:239 - oldGeneratedFile, C:\VXLWorkspace\Project-2\Stm32Cube\Project2\Core\Inc\stm32f1xx_hal_conf.h_save
2025-10-04 06:26:39,487 [INFO] CodeEngine:257 - Generated code: C:\VXLWorkspace\Project-2\Stm32Cube\Project2\Core\Inc\stm32f1xx_hal_conf.h
2025-10-04 06:26:39,520 [INFO] CodeEngine:239 - oldGeneratedFile, C:\VXLWorkspace\Project-2\Stm32Cube\Project2\Core\Inc\main.h_save
2025-10-04 06:26:39,571 [INFO] CodeEngine:257 - Generated code: C:\VXLWorkspace\Project-2\Stm32Cube\Project2\Core\Inc\main.h
2025-10-04 06:26:39,578 [INFO] CodeEngine:239 - oldGeneratedFile, C:\VXLWorkspace\Project-2\Stm32Cube\Project2\Core\Src\main.c_save
2025-10-04 06:26:39,643 [INFO] CodeEngine:257 - Generated code: C:\VXLWorkspace\Project-2\Stm32Cube\Project2\Core\Src\main.c
2025-10-04 06:26:39,992 [INFO] ProjectBuilder:2578 - Time for Copy HAL[1] : 73mS.
2025-10-04 06:26:39,996 [INFO] ProjectBuilder:3622 - Project Generator version: 3.14.1
2025-10-04 06:26:40,229 [INFO] ConfigFileManager:1271 - The Die is : DIE412
2025-10-04 06:26:40,251 [INFO] ApiDbMcu:468 - Load IP Config File for FATFS
2025-10-04 06:26:40,270 [INFO] ApiDbMcu:468 - Load IP Config File for FREERTOS
2025-10-04 06:26:40,288 [INFO] ApiDbMcu:468 - Load IP Config File for USB_DEVICE
2025-10-04 06:26:43,868 [INFO] ProjectBuilder:3789 - Time for Generating toolchain IDE Files: 3872mS.
2025-10-04 06:26:43,869 [INFO] ProjectBuilder:2457 - Time for Copy CMSIS : 0mS.
2025-10-04 06:26:43,870 [INFO] ProjectBuilder:2457 - Time for Copy CMSIS : 0mS.
2025-10-04 06:26:44,287 [INFO] McuFinderGlobals:52 - Set McuFinderConnectedMode to true
2025-10-04 06:26:44,288 [INFO] ApiDb:276 - Save user favorites file C:\Users\NCPC/.stm32cubeide/favorites.mcus.txt: 0 item(s)
2025-10-04 06:26:44,288 [INFO] ApiDb:280 - User favorites MCUs=[]
2025-10-04 06:28:20,393 [INFO] UtilMem:74 - End SaveConfig() Used Memory: 937610984 Bytes (1063256064)
2025-10-04 06:28:44,525 [INFO] UtilMem:74 - End SaveConfig() Used Memory: 896200072 Bytes (1063256064)
2025-10-04 06:28:45,669 [INFO] UtilMem:74 - End SaveConfig() Used Memory: 913977720 Bytes (1063256064)
2025-10-04 06:28:45,749 [INFO] UtilMem:74 - End SaveConfig() Used Memory: 931329368 Bytes (1063256064)
2025-10-04 06:28:45,903 [INFO] BlockDiagram:2740 - set Specific Code input for plugin: NVIC
2025-10-04 06:28:45,903 [INFO] BlockDiagram:2740 - set Specific Code input for plugin: SYS
2025-10-04 06:28:45,903 [INFO] BlockDiagram:2740 - set Specific Code input for plugin: GPIO
2025-10-04 06:28:45,903 [INFO] BlockDiagram:2740 - set Specific Code input for plugin: RCC
2025-10-04 06:28:45,903 [INFO] CodeGenerator:663 - code generatio: config db path: C:\ST\STM32CubeIDE_1.7.0\STM32CubeIDE\plugins\com.st.stm32cube.common.mx_6.3.0.202107141111\\db\
2025-10-04 06:28:46,043 [INFO] CodeEngine:239 - oldGeneratedFile, C:\VXLWorkspace\Project-2\Stm32Cube\Project2\MXTmpFiles\license.tmp_save
2025-10-04 06:28:46,076 [INFO] CodeEngine:257 - Generated code: C:\VXLWorkspace\Project-2\Stm32Cube\Project2\MXTmpFiles\license.tmp
2025-10-04 06:28:46,118 [INFO] CodeEngine:239 - oldGeneratedFile, C:\VXLWorkspace\Project-2\Stm32Cube\Project2\MXTmpFiles\gpio.tmp_save
2025-10-04 06:28:46,170 [INFO] CodeEngine:257 - Generated code: C:\VXLWorkspace\Project-2\Stm32Cube\Project2\MXTmpFiles\gpio.tmp
2025-10-04 06:28:46,192 [INFO] CodeEngine:239 - oldGeneratedFile, C:\VXLWorkspace\Project-2\Stm32Cube\Project2\Core\Src\stm32f1xx_it.c_save
2025-10-04 06:28:46,242 [INFO] CodeEngine:257 - Generated code: C:\VXLWorkspace\Project-2\Stm32Cube\Project2\Core\Src\stm32f1xx_it.c
2025-10-04 06:28:46,245 [INFO] CodeEngine:239 - oldGeneratedFile, C:\VXLWorkspace\Project-2\Stm32Cube\Project2\Core\Inc\stm32f1xx_it.h_save
2025-10-04 06:28:46,274 [INFO] CodeEngine:257 - Generated code: C:\VXLWorkspace\Project-2\Stm32Cube\Project2\Core\Inc\stm32f1xx_it.h
2025-10-04 06:28:46,284 [INFO] CodeEngine:239 - oldGeneratedFile, C:\VXLWorkspace\Project-2\Stm32Cube\Project2\Core\Src\stm32f1xx_hal_msp.c_save
2025-10-04 06:28:46,326 [INFO] CodeEngine:257 - Generated code: C:\VXLWorkspace\Project-2\Stm32Cube\Project2\Core\Src\stm32f1xx_hal_msp.c
2025-10-04 06:28:46,328 [INFO] CodeEngine:239 - oldGeneratedFile, C:\VXLWorkspace\Project-2\Stm32Cube\Project2\MXTmpFiles\system.tmp_save
2025-10-04 06:28:46,353 [INFO] CodeEngine:257 - Generated code: C:\VXLWorkspace\Project-2\Stm32Cube\Project2\MXTmpFiles\system.tmp
2025-10-04 06:28:46,364 [INFO] CodeEngine:239 - oldGeneratedFile, C:\VXLWorkspace\Project-2\Stm32Cube\Project2\Core\Inc\stm32f1xx_hal_conf.h_save
2025-10-04 06:28:46,427 [INFO] CodeEngine:257 - Generated code: C:\VXLWorkspace\Project-2\Stm32Cube\Project2\Core\Inc\stm32f1xx_hal_conf.h
2025-10-04 06:28:46,447 [INFO] CodeEngine:239 - oldGeneratedFile, C:\VXLWorkspace\Project-2\Stm32Cube\Project2\Core\Inc\main.h_save
2025-10-04 06:28:46,497 [INFO] CodeEngine:257 - Generated code: C:\VXLWorkspace\Project-2\Stm32Cube\Project2\Core\Inc\main.h
2025-10-04 06:28:46,506 [INFO] CodeEngine:239 - oldGeneratedFile, C:\VXLWorkspace\Project-2\Stm32Cube\Project2\Core\Src\main.c_save
2025-10-04 06:28:46,588 [INFO] CodeEngine:257 - Generated code: C:\VXLWorkspace\Project-2\Stm32Cube\Project2\Core\Src\main.c
2025-10-04 06:28:47,123 [INFO] ProjectBuilder:2578 - Time for Copy HAL[1] : 40mS.
2025-10-04 06:28:47,125 [INFO] ProjectBuilder:3622 - Project Generator version: 3.14.1
2025-10-04 06:28:47,344 [INFO] ConfigFileManager:1271 - The Die is : DIE412
2025-10-04 06:28:48,524 [INFO] ProjectBuilder:3789 - Time for Generating toolchain IDE Files: 1399mS.
2025-10-04 06:28:48,524 [INFO] ProjectBuilder:2457 - Time for Copy CMSIS : 0mS.
2025-10-04 06:28:48,525 [INFO] ProjectBuilder:2457 - Time for Copy CMSIS : 0mS.
2025-10-04 06:32:02,042 [INFO] NvicIntPanel:96 - NVIC parent = com.st.microxplorer.plugins.ip.nvic.MultiNvicIntPanel[,0,0,0x0,invalid,layout=javax.swing.BoxLayout,alignmentX=0.0,alignmentY=0.0,border=,flags=9,maximumSize=,minimumSize=,preferredSize=]
2025-10-04 06:32:16,120 [INFO] NvicIntPanel:96 - NVIC parent = com.st.microxplorer.plugins.ip.nvic.MultiNvicIntPanel[,0,0,450x169,layout=javax.swing.BoxLayout,alignmentX=0.0,alignmentY=0.0,border=,flags=9,maximumSize=,minimumSize=,preferredSize=]
2025-10-04 06:32:18,147 [INFO] UtilMem:74 - End SaveConfig() Used Memory: 894898872 Bytes (1073741824)
2025-10-04 06:32:19,037 [INFO] UtilMem:74 - End SaveConfig() Used Memory: 912127008 Bytes (1073741824)
2025-10-04 06:32:19,129 [INFO] UtilMem:74 - End SaveConfig() Used Memory: 898573304 Bytes (1073741824)
2025-10-04 06:32:19,277 [INFO] BlockDiagram:2740 - set Specific Code input for plugin: NVIC
2025-10-04 06:32:19,277 [INFO] BlockDiagram:2740 - set Specific Code input for plugin: SYS
2025-10-04 06:32:19,277 [INFO] BlockDiagram:2740 - set Specific Code input for plugin: GPIO
2025-10-04 06:32:19,277 [INFO] BlockDiagram:2740 - set Specific Code input for plugin: RCC
2025-10-04 06:32:19,277 [INFO] BlockDiagram:2740 - set Specific Code input for plugin: TIM1_8F1
2025-10-04 06:32:19,277 [INFO] CodeGenerator:663 - code generatio: config db path: C:\ST\STM32CubeIDE_1.7.0\STM32CubeIDE\plugins\com.st.stm32cube.common.mx_6.3.0.202107141111\\db\
2025-10-04 06:32:19,425 [INFO] CodeEngine:239 - oldGeneratedFile, C:\VXLWorkspace\Project-2\Stm32Cube\Project2\MXTmpFiles\license.tmp_save
2025-10-04 06:32:19,460 [INFO] CodeEngine:257 - Generated code: C:\VXLWorkspace\Project-2\Stm32Cube\Project2\MXTmpFiles\license.tmp
2025-10-04 06:32:19,474 [INFO] CodeEngine:239 - oldGeneratedFile, C:\VXLWorkspace\Project-2\Stm32Cube\Project2\MXTmpFiles\gpio.tmp_save
2025-10-04 06:32:19,511 [INFO] CodeEngine:257 - Generated code: C:\VXLWorkspace\Project-2\Stm32Cube\Project2\MXTmpFiles\gpio.tmp
2025-10-04 06:32:19,621 [INFO] CodeEngine:239 - oldGeneratedFile, C:\VXLWorkspace\Project-2\Stm32Cube\Project2\Core\Src\stm32f1xx_it.c_save
2025-10-04 06:32:19,689 [INFO] CodeEngine:257 - Generated code: C:\VXLWorkspace\Project-2\Stm32Cube\Project2\Core\Src\stm32f1xx_it.c
2025-10-04 06:32:19,692 [INFO] CodeEngine:239 - oldGeneratedFile, C:\VXLWorkspace\Project-2\Stm32Cube\Project2\Core\Inc\stm32f1xx_it.h_save
2025-10-04 06:32:19,740 [INFO] CodeEngine:257 - Generated code: C:\VXLWorkspace\Project-2\Stm32Cube\Project2\Core\Inc\stm32f1xx_it.h
2025-10-04 06:32:19,751 [INFO] CodeEngine:239 - oldGeneratedFile, C:\VXLWorkspace\Project-2\Stm32Cube\Project2\Core\Src\stm32f1xx_hal_msp.c_save
2025-10-04 06:32:19,815 [INFO] CodeEngine:257 - Generated code: C:\VXLWorkspace\Project-2\Stm32Cube\Project2\Core\Src\stm32f1xx_hal_msp.c
2025-10-04 06:32:19,816 [INFO] CodeEngine:239 - oldGeneratedFile, C:\VXLWorkspace\Project-2\Stm32Cube\Project2\MXTmpFiles\system.tmp_save
2025-10-04 06:32:19,841 [INFO] CodeEngine:257 - Generated code: C:\VXLWorkspace\Project-2\Stm32Cube\Project2\MXTmpFiles\system.tmp
2025-10-04 06:32:19,852 [INFO] CodeEngine:239 - oldGeneratedFile, C:\VXLWorkspace\Project-2\Stm32Cube\Project2\Core\Inc\stm32f1xx_hal_conf.h_save
2025-10-04 06:32:19,910 [INFO] CodeEngine:257 - Generated code: C:\VXLWorkspace\Project-2\Stm32Cube\Project2\Core\Inc\stm32f1xx_hal_conf.h
2025-10-04 06:32:19,921 [WARN] IPConfigManager:3148 - IP not found : TIM
2025-10-04 06:32:19,921 [WARN] CodeGenerator:3268 - IP not found : null
2025-10-04 06:32:19,931 [INFO] CodeEngine:239 - oldGeneratedFile, C:\VXLWorkspace\Project-2\Stm32Cube\Project2\Core\Inc\main.h_save
2025-10-04 06:32:19,962 [INFO] CodeEngine:257 - Generated code: C:\VXLWorkspace\Project-2\Stm32Cube\Project2\Core\Inc\main.h
2025-10-04 06:32:19,972 [INFO] CodeEngine:239 - oldGeneratedFile, C:\VXLWorkspace\Project-2\Stm32Cube\Project2\Core\Src\main.c_save
2025-10-04 06:32:20,045 [INFO] CodeEngine:257 - Generated code: C:\VXLWorkspace\Project-2\Stm32Cube\Project2\Core\Src\main.c
2025-10-04 06:32:20,418 [INFO] ProjectBuilder:2578 - Time for Copy HAL[1] : 36mS.
2025-10-04 06:32:20,420 [INFO] ProjectBuilder:3622 - Project Generator version: 3.14.1
2025-10-04 06:32:20,781 [INFO] ConfigFileManager:1271 - The Die is : DIE412
2025-10-04 06:32:21,684 [INFO] ProjectBuilder:3789 - Time for Generating toolchain IDE Files: 1264mS.
2025-10-04 06:32:21,685 [INFO] ProjectBuilder:2457 - Time for Copy CMSIS : 1mS.
2025-10-04 06:32:21,686 [INFO] ProjectBuilder:2457 - Time for Copy CMSIS : 0mS.
2025-10-04 07:16:53,108 [INFO] MainUpdater:2671 - connection check result : 10
2025-10-04 07:16:53,109 [INFO] MainUpdater:2671 - connection check result : 10
2025-10-04 07:16:53,159 [INFO] MicroXplorer:448 - Change Database Path : 
2025-10-04 07:16:53,159 [INFO] MicroXplorer:478 - Change Database Version : DB.6.0.30
2025-10-04 07:16:53,159 [WARN] ThirdParty:813 - waiting for thirdparty lock release [close project]
2025-10-04 07:16:53,159 [INFO] ThirdParty:815 - entering critical section [close project]
2025-10-04 07:16:53,159 [INFO] ThirdParty:825 - exiting critical section [close project]
2025-10-04 07:16:53,160 [INFO] PinOutPanel:1463 - setPackage(No Configuration,No Configuration)
2025-10-04 07:16:53,164 [INFO] UtilMem:74 - Begin LoadConfig() Used Memory: 946618376 Bytes (1073741824)
2025-10-04 07:16:53,164 [INFO] MicroXplorer:448 - Change Database Path : 
2025-10-04 07:16:53,165 [INFO] MicroXplorer:478 - Change Database Version : DB.6.0.30
2025-10-04 07:16:53,165 [INFO] OpenFileManager:313 - Change cursor
2025-10-04 07:16:53,184 [INFO] RulesReader:57 - Compatibility file has been processed (242 Rules)
2025-10-04 07:16:53,541 [INFO] Context:592 - Trying to add GPIOservice into a context  which must be forbidden
2025-10-04 07:16:53,624 [WARN] ApiManager:304 - Cannot register API 'Board Extension:PM33A1' from pack STMicroelectronics.X-CUBE-PM33A1.1.0.0: no header file found
2025-10-04 07:16:53,625 [WARN] ApiManager:304 - Cannot register API 'Board Extension:NFC09A1' from pack STMicroelectronics.X-CUBE-NFC9.1.0.0: no header file found
2025-10-04 07:16:53,632 [WARN] ApiManager:304 - Cannot register API 'Wireless:BlueNRG-MS' from pack STMicroelectronics.X-CUBE-BLE1.7.1.0: no header file found
2025-10-04 07:16:53,633 [WARN] ApiManager:304 - Cannot register API 'Board Extension:EEPRMA2' from pack STMicroelectronics.X-CUBE-EEPRMA1.5.2.0: no header file found
2025-10-04 07:16:53,633 [WARN] ApiManager:304 - Cannot register API 'Board Extension:PGEEZ1' from pack STMicroelectronics.X-CUBE-EEPRMA1.5.2.0: no header file found
2025-10-04 07:16:53,634 [WARN] ApiManager:304 - Cannot register API 'Board Extension:EEICA1' from pack STMicroelectronics.X-CUBE-EEPRMA1.5.2.0: no header file found
2025-10-04 07:16:53,634 [WARN] ApiManager:304 - Cannot register API 'Board Part:M24' from pack STMicroelectronics.X-CUBE-EEPRMA1.5.2.0: no header file found
2025-10-04 07:16:53,634 [WARN] ApiManager:304 - Cannot register API 'Board Part:M95' from pack STMicroelectronics.X-CUBE-EEPRMA1.5.2.0: no header file found
2025-10-04 07:16:53,634 [WARN] ApiManager:304 - Cannot register API 'Board Part:M95P32' from pack STMicroelectronics.X-CUBE-EEPRMA1.5.2.0: no header file found
2025-10-04 07:16:53,634 [WARN] ApiManager:304 - Cannot register API 'Board Part:M24256E-F' from pack STMicroelectronics.X-CUBE-EEPRMA1.5.2.0: no header file found
2025-10-04 07:16:53,634 [WARN] ApiManager:304 - Cannot register API 'Board Part:M24M01E-F' from pack STMicroelectronics.X-CUBE-EEPRMA1.5.2.0: no header file found
2025-10-04 07:16:53,634 [WARN] ApiManager:304 - Cannot register API 'PGEEZ1:SPI' from pack STMicroelectronics.X-CUBE-EEPRMA1.5.2.0: no header file found
2025-10-04 07:16:53,634 [WARN] ApiManager:304 - Cannot register API 'PGEEZ1:QDSPI' from pack STMicroelectronics.X-CUBE-EEPRMA1.5.2.0: no header file found
2025-10-04 07:16:53,636 [WARN] ApiManager:304 - Cannot register API 'Board Extension:GNSS1A1' from pack STMicroelectronics.X-CUBE-GNSS1.7.0.1: no header file found
2025-10-04 07:16:53,636 [WARN] ApiManager:304 - Cannot register API 'Board Support:Custom' from pack STMicroelectronics.X-CUBE-GNSS1.7.0.1: no header file found
2025-10-04 07:16:53,636 [WARN] ApiManager:304 - Cannot register API 'Data Exchange:lib_gnss' from pack STMicroelectronics.X-CUBE-GNSS1.7.0.1: no header file found
2025-10-04 07:16:53,637 [WARN] ApiManager:304 - Cannot register API 'Board Extension:NFC12A1' from pack STMicroelectronics.X-CUBE-NFC12.1.0.0: no header file found
2025-10-04 07:16:53,641 [WARN] ApiManager:304 - Cannot register API 'Board Extension:NFC06A1' from pack STMicroelectronics.X-CUBE-NFC6.3.1.0: no header file found
2025-10-04 07:16:53,641 [WARN] ApiManager:304 - Cannot register API 'Board Extension:NFC08A1' from pack STMicroelectronics.X-CUBE-NFC6.3.1.0: no header file found
2025-10-04 07:16:53,641 [INFO] RtosManager:484 - Registered RTOS mode: class=CMSIS, group=RTOS, mode=CMSIS_V1, owner=FREERTOS
2025-10-04 07:16:53,641 [INFO] RtosManager:484 - Registered RTOS mode: class=CMSIS, group=RTOS2, mode=CMSIS_V2, owner=FREERTOS
2025-10-04 07:16:53,642 [INFO] RtosManager:484 - Registered RTOS mode: class=RTOS, group=Core, mode=CMSIS_V1, owner=FREERTOS
2025-10-04 07:16:53,642 [INFO] RtosManager:484 - Registered RTOS mode: class=RTOS, group=Core, mode=CMSIS_V2, owner=FREERTOS
2025-10-04 07:16:53,642 [WARN] ModelIntegratedComponent:181 - Missing modes for component STMicroelectronics:FreeRTOS:0.0.1:STMicroelectronics:RTOS:FreeRTOS:Core:::10.2.0:
2025-10-04 07:16:53,643 [WARN] ApiManager:304 - Cannot register API 'Board Extension:STSAFEA1' from pack STMicroelectronics.X-CUBE-SAFEA1.1.2.2: no header file found
2025-10-04 07:16:53,643 [WARN] ApiManager:304 - Cannot register API 'Board Part:STSAFEA110' from pack STMicroelectronics.X-CUBE-SAFEA1.1.2.2: no header file found
2025-10-04 07:16:53,643 [WARN] ApiManager:304 - Cannot register API 'Security:ST_Cryptolib' from pack STMicroelectronics.X-CUBE-SAFEA1.1.2.2: no header file found
2025-10-04 07:16:53,643 [WARN] ApiManager:304 - Cannot register API 'Security:MbedTLS' from pack STMicroelectronics.X-CUBE-SAFEA1.1.2.2: no header file found
2025-10-04 07:16:53,644 [WARN] ApiManager:304 - Cannot register API 'Board Extension:NFC04A1' from pack STMicroelectronics.X-CUBE-NFC4.3.0.0: no header file found
2025-10-04 07:16:53,646 [WARN] ApiManager:304 - Cannot register API 'Board Extension:S2868A1' from pack STMicroelectronics.X-CUBE-SUBG2.5.0.0: no header file found
2025-10-04 07:16:53,646 [WARN] ApiManager:304 - Cannot register API 'Board Extension:S2868A2' from pack STMicroelectronics.X-CUBE-SUBG2.5.0.0: no header file found
2025-10-04 07:16:53,646 [WARN] ApiManager:304 - Cannot register API 'Board Extension:S2915A1' from pack STMicroelectronics.X-CUBE-SUBG2.5.0.0: no header file found
2025-10-04 07:16:53,648 [WARN] ApiManager:304 - Cannot register API 'Wireless:STM32WB05N' from pack STMicroelectronics.X-CUBE-WB05N.2.0.0: no header file found
2025-10-04 07:16:53,650 [WARN] ApiManager:304 - Cannot register API 'Board Extension:NFC07A1' from pack STMicroelectronics.X-CUBE-NFC7.2.0.0: no header file found
2025-10-04 07:16:53,650 [WARN] ApiManager:304 - Cannot register API 'Board Extension:NFC10A1' from pack STMicroelectronics.X-CUBE-NFC10.1.0.0: no header file found
2025-10-04 07:16:53,651 [WARN] ModelIntegratedComponent:60 - No mode defined for component null
2025-10-04 07:16:53,651 [WARN] ModelIntegratedComponent:60 - No mode defined for component null
2025-10-04 07:16:53,651 [WARN] ModelIntegratedComponent:60 - No mode defined for component null
2025-10-04 07:16:53,651 [WARN] ModelIntegratedComponent:60 - No mode defined for component null
2025-10-04 07:16:53,651 [WARN] ModelIntegratedComponent:60 - No mode defined for component null
2025-10-04 07:16:53,651 [WARN] ModelIntegratedComponent:60 - No mode defined for component null
2025-10-04 07:16:53,651 [WARN] ModelIntegratedComponent:60 - No mode defined for component null
2025-10-04 07:16:53,651 [WARN] ModelIntegratedComponent:60 - No mode defined for component null
2025-10-04 07:16:53,651 [WARN] ModelIntegratedComponent:60 - No mode defined for component null
2025-10-04 07:16:53,651 [WARN] ModelIntegratedComponent:60 - No mode defined for component null
2025-10-04 07:16:53,651 [WARN] ModelIntegratedComponent:60 - No mode defined for component null
2025-10-04 07:16:53,651 [WARN] ModelIntegratedComponent:60 - No mode defined for component null
2025-10-04 07:16:53,651 [WARN] ModelIntegratedComponent:60 - No mode defined for component null
2025-10-04 07:16:53,651 [WARN] ModelIntegratedComponent:60 - No mode defined for component null
2025-10-04 07:16:53,651 [WARN] ModelIntegratedComponent:60 - No mode defined for component null
2025-10-04 07:16:53,651 [WARN] ModelIntegratedComponent:60 - No mode defined for component null
2025-10-04 07:16:53,651 [WARN] ModelIntegratedComponent:60 - No mode defined for component null
2025-10-04 07:16:53,651 [WARN] ModelIntegratedComponent:60 - No mode defined for component null
2025-10-04 07:16:53,651 [WARN] ModelIntegratedComponent:60 - No mode defined for component null
2025-10-04 07:16:53,652 [WARN] ModelIntegratedComponent:60 - No mode defined for component null
2025-10-04 07:16:53,652 [WARN] ModelIntegratedComponent:60 - No mode defined for component null
2025-10-04 07:16:53,652 [WARN] ModelIntegratedComponent:60 - No mode defined for component null
2025-10-04 07:16:53,652 [WARN] ModelIntegratedComponent:60 - No mode defined for component null
2025-10-04 07:16:53,652 [WARN] ModelIntegratedComponent:60 - No mode defined for component null
2025-10-04 07:16:53,652 [WARN] ModelIntegratedComponent:60 - No mode defined for component null
2025-10-04 07:16:53,652 [WARN] ModelIntegratedComponent:60 - No mode defined for component null
2025-10-04 07:16:53,652 [WARN] ModelIntegratedComponent:60 - No mode defined for component null
2025-10-04 07:16:53,652 [WARN] ModelIntegratedComponent:60 - No mode defined for component null
2025-10-04 07:16:53,652 [WARN] ModelIntegratedComponent:60 - No mode defined for component null
2025-10-04 07:16:53,652 [WARN] ModelIntegratedComponent:60 - No mode defined for component null
2025-10-04 07:16:53,652 [WARN] ModelIntegratedComponent:60 - No mode defined for component null
2025-10-04 07:16:53,653 [WARN] ApiManager:304 - Cannot register API 'Board Extension:SAFEA1' from pack STMicroelectronics.X-CUBE-STSE01.1.0.0: no header file found
2025-10-04 07:16:53,653 [WARN] ApiManager:304 - Cannot register API 'Board Extension:ESE01A1' from pack STMicroelectronics.X-CUBE-STSE01.1.0.0: no header file found
2025-10-04 07:16:53,653 [WARN] ApiManager:304 - Cannot register API 'Board Part:STSAFEA110' from pack STMicroelectronics.X-CUBE-STSE01.1.0.0: no header file found
2025-10-04 07:16:53,653 [WARN] ApiManager:304 - Cannot register API 'Board Part:STSAFEA120' from pack STMicroelectronics.X-CUBE-STSE01.1.0.0: no header file found
2025-10-04 07:16:53,653 [WARN] ApiManager:304 - Cannot register API 'Security:STM32_Cryptographic' from pack STMicroelectronics.X-CUBE-STSE01.1.0.0: no header file found
2025-10-04 07:16:53,653 [WARN] ApiManager:304 - Cannot register API 'Security:STSELib' from pack STMicroelectronics.X-CUBE-STSE01.1.0.0: no header file found
2025-10-04 07:16:53,755 [WARN] ApiManager:304 - Cannot register API 'Board Extension:IKS01A3' from pack STMicroelectronics.X-CUBE-MEMS1.11.3.0: no header file found
2025-10-04 07:16:53,756 [WARN] ApiManager:304 - Cannot register API 'Board Extension:IKS02A1' from pack STMicroelectronics.X-CUBE-MEMS1.11.3.0: no header file found
2025-10-04 07:16:53,756 [WARN] ApiManager:304 - Cannot register API 'Board Extension:IKS4A1' from pack STMicroelectronics.X-CUBE-MEMS1.11.3.0: no header file found
2025-10-04 07:16:53,761 [WARN] ApiManager:304 - Cannot register API 'Board Extension:S2868A1' from pack STMicroelectronics.X-CUBE-SFXS2LP1.4.0.0: no header file found
2025-10-04 07:16:53,761 [WARN] ApiManager:304 - Cannot register API 'Board Extension:S2868A2' from pack STMicroelectronics.X-CUBE-SFXS2LP1.4.0.0: no header file found
2025-10-04 07:16:53,761 [WARN] ApiManager:304 - Cannot register API 'Board Extension:S2915A1' from pack STMicroelectronics.X-CUBE-SFXS2LP1.4.0.0: no header file found
2025-10-04 07:16:53,761 [WARN] ApiManager:304 - Cannot register API 'Wireless:BlueNRG-2' from pack STMicroelectronics.X-CUBE-BLE2.3.3.0: no header file found
2025-10-04 07:16:54,848 [INFO] UtilMem:74 - End LoadConfig() Used Memory: 943636832 Bytes (1073741824)
2025-10-04 07:16:54,849 [WARN] ThirdParty:779 - waiting for thirdparty lock release [change project]
2025-10-04 07:16:54,849 [INFO] ThirdParty:781 - entering critical section [change project]
2025-10-04 07:16:54,849 [INFO] ThirdParty:967 - CMSIS Pack Vendor :STMicroelectronics X-CUBE-PM33A1 1.0.0
2025-10-04 07:16:54,849 [INFO] ThirdParty:967 - CMSIS Pack Vendor :STMicroelectronics X-CUBE-NFC9 1.0.0
2025-10-04 07:16:54,849 [INFO] ThirdParty:967 - CMSIS Pack Vendor :STMicroelectronics USB_HOST 2.0.0
2025-10-04 07:16:54,849 [INFO] ThirdParty:967 - CMSIS Pack Vendor :STMicroelectronics X-CUBE-AZRTOS-F4 1.1.0
2025-10-04 07:16:54,849 [INFO] ThirdParty:967 - CMSIS Pack Vendor :STMicroelectronics FP-ATR-ASTRA1 2.0.2
2025-10-04 07:16:54,849 [INFO] ThirdParty:967 - CMSIS Pack Vendor :wolfSSL I-CUBE-wolfSSL 5.8.2
2025-10-04 07:16:54,849 [INFO] ThirdParty:967 - CMSIS Pack Vendor :STMicroelectronics X-CUBE-BLE1 7.1.0
2025-10-04 07:16:54,850 [INFO] ThirdParty:967 - CMSIS Pack Vendor :wolfSSL I-CUBE-wolfMQTT 1.19.2
2025-10-04 07:16:54,850 [INFO] ThirdParty:967 - CMSIS Pack Vendor :STMicroelectronics USB_DEVICE 3.0.0
2025-10-04 07:16:54,850 [INFO] ThirdParty:967 - CMSIS Pack Vendor :STMicroelectronics X-CUBE-ISPU 2.1.0
2025-10-04 07:16:54,850 [INFO] ThirdParty:967 - CMSIS Pack Vendor :STMicroelectronics X-CUBE-EEPRMA1 5.2.0
2025-10-04 07:16:54,850 [INFO] ThirdParty:967 - CMSIS Pack Vendor :STMicroelectronics X-CUBE-AZRTOS-WB 2.0.0
2025-10-04 07:16:54,850 [INFO] ThirdParty:967 - CMSIS Pack Vendor :STMicroelectronics X-CUBE-GNSS1 7.0.1
2025-10-04 07:16:54,850 [INFO] ThirdParty:967 - CMSIS Pack Vendor :STMicroelectronics X-CUBE-NFC12 1.0.0
2025-10-04 07:16:54,850 [INFO] ThirdParty:967 - CMSIS Pack Vendor :STMicroelectronics X-CUBE-AZRTOS-F7 1.1.0
2025-10-04 07:16:54,850 [INFO] ThirdParty:967 - CMSIS Pack Vendor :STMicroelectronics X-CUBE-AZRTOS-L5 2.0.0
2025-10-04 07:16:54,850 [INFO] ThirdParty:967 - CMSIS Pack Vendor :STMicroelectronics X-CUBE-TOUCHGFX 4.25.0
2025-10-04 07:16:54,850 [INFO] ThirdParty:967 - CMSIS Pack Vendor :STMicroelectronics USB_DEVICE 2.0.0
2025-10-04 07:16:54,850 [INFO] ThirdParty:967 - CMSIS Pack Vendor :STMicroelectronics X-CUBE-NFC6 3.1.0
2025-10-04 07:16:54,850 [INFO] ThirdParty:967 - CMSIS Pack Vendor :STMicroelectronics FreeRTOS 0.0.1
2025-10-04 07:16:54,850 [INFO] ThirdParty:967 - CMSIS Pack Vendor :STMicroelectronics X-CUBE-AZRTOS-G0 1.1.0
2025-10-04 07:16:54,850 [INFO] ThirdParty:967 - CMSIS Pack Vendor :STMicroelectronics X-CUBE-SAFEA1 1.2.2
2025-10-04 07:16:54,850 [INFO] ThirdParty:967 - CMSIS Pack Vendor :STMicroelectronics X-CUBE-NFC4 3.0.0
2025-10-04 07:16:54,850 [INFO] ThirdParty:967 - CMSIS Pack Vendor :STMicroelectronics X-CUBE-SUBG2 5.0.0
2025-10-04 07:16:54,850 [INFO] ThirdParty:967 - CMSIS Pack Vendor :STMicroelectronics X-CUBE-AZRTOS-H7RS 1.1.0
2025-10-04 07:16:54,850 [INFO] ThirdParty:967 - CMSIS Pack Vendor :STMicroelectronics lwIP 2.0.3
2025-10-04 07:16:54,850 [INFO] ThirdParty:967 - CMSIS Pack Vendor :STMicroelectronics USB_HOST 1.0.0
2025-10-04 07:16:54,850 [INFO] ThirdParty:967 - CMSIS Pack Vendor :STMicroelectronics X-CUBE-AZRTOS-G4 2.0.0
2025-10-04 07:16:54,850 [INFO] ThirdParty:967 - CMSIS Pack Vendor :STMicroelectronics X-CUBE-WB05N 2.0.0
2025-10-04 07:16:54,850 [INFO] ThirdParty:967 - CMSIS Pack Vendor :STMicroelectronics PDM2PCM 3.1.0
2025-10-04 07:16:54,850 [INFO] ThirdParty:967 - CMSIS Pack Vendor :STMicroelectronics PDM2PCM 3.3.0
2025-10-04 07:16:54,850 [INFO] ThirdParty:967 - CMSIS Pack Vendor :wolfSSL I-CUBE-wolfTPM 3.8.0
2025-10-04 07:16:54,850 [INFO] ThirdParty:967 - CMSIS Pack Vendor :STMicroelectronics X-CUBE-AZRTOS-H7 3.4.0
2025-10-04 07:16:54,850 [INFO] ThirdParty:967 - CMSIS Pack Vendor :wolfSSL I-CUBE-wolfSSH 1.4.20
2025-10-04 07:16:54,850 [INFO] ThirdParty:967 - CMSIS Pack Vendor :STMicroelectronics X-CUBE-NFC7 2.0.0
2025-10-04 07:16:54,850 [INFO] ThirdParty:967 - CMSIS Pack Vendor :STMicroelectronics FP-ATR-SIGFOX1 3.2.0
2025-10-04 07:16:54,850 [INFO] ThirdParty:967 - CMSIS Pack Vendor :STMicroelectronics X-CUBE-NFC10 1.0.0
2025-10-04 07:16:54,851 [INFO] ThirdParty:967 - CMSIS Pack Vendor :STMicroelectronics HAL Drivers 0.0.0
2025-10-04 07:16:54,851 [INFO] ThirdParty:967 - CMSIS Pack Vendor :STMicroelectronics MBEDTLS 2.16.2
2025-10-04 07:16:54,851 [INFO] ThirdParty:967 - CMSIS Pack Vendor :STMicroelectronics MBEDTLS 2.14.1
2025-10-04 07:16:54,851 [INFO] ThirdParty:967 - CMSIS Pack Vendor :STMicroelectronics X-CUBE-TOUCHGFX 4.26.0
2025-10-04 07:16:54,851 [INFO] ThirdParty:967 - CMSIS Pack Vendor :STMicroelectronics X-CUBE-STSE01 1.0.0
2025-10-04 07:16:54,851 [INFO] ThirdParty:967 - CMSIS Pack Vendor :STMicroelectronics X-CUBE-AI 10.2.0
2025-10-04 07:16:54,851 [INFO] ThirdParty:967 - CMSIS Pack Vendor :STMicroelectronics X-CUBE-AZRTOS-WL 2.0.0
2025-10-04 07:16:54,851 [INFO] ThirdParty:967 - CMSIS Pack Vendor :SEGGER I-CUBE-embOS 1.3.1
2025-10-04 07:16:54,851 [INFO] ThirdParty:967 - CMSIS Pack Vendor :STMicroelectronics X-CUBE-ALGOBUILD 1.4.0
2025-10-04 07:16:54,851 [INFO] ThirdParty:967 - CMSIS Pack Vendor :STMicroelectronics X-CUBE-MEMS1 11.3.0
2025-10-04 07:16:54,851 [INFO] ThirdParty:967 - CMSIS Pack Vendor :STMicroelectronics USB_DEVICE 1.0.0
2025-10-04 07:16:54,851 [INFO] ThirdParty:967 - CMSIS Pack Vendor :STMicroelectronics X-CUBE-AZRTOS-L4 2.0.0
2025-10-04 07:16:54,851 [INFO] ThirdParty:967 - CMSIS Pack Vendor :STMicroelectronics ThreadX 0.0.2
2025-10-04 07:16:54,851 [INFO] ThirdParty:967 - CMSIS Pack Vendor :STMicroelectronics lwIP 2.1.2
2025-10-04 07:16:54,851 [INFO] ThirdParty:967 - CMSIS Pack Vendor :STMicroelectronics X-CUBE-SFXS2LP1 4.0.0
2025-10-04 07:16:54,851 [INFO] ThirdParty:967 - CMSIS Pack Vendor :STMicroelectronics X-CUBE-BLE2 3.3.0
2025-10-04 07:16:54,851 [INFO] ThirdParty:967 - CMSIS Pack Vendor :STMicroelectronics PDM2PCM 3.2.0
2025-10-04 07:16:54,851 [INFO] ThirdParty:787 - exiting critical section [change project]
2025-10-04 07:16:54,932 [INFO] PinOutPanel:1463 - setPackage(No Configuration,No Configuration)
2025-10-04 07:16:54,933 [INFO] PinOutPanel:1463 - setPackage(STM32F103C6Ux,UFQFPN48)
2025-10-04 07:16:55,053 [INFO] UtilMem:74 - Before build in PCC Used Memory: 923591464 Bytes (1073741824)
2025-10-04 07:16:55,226 [INFO] UtilMem:74 - After build in PCC Used Memory: 948139840 Bytes (1073741824)
2025-10-04 07:16:55,237 [INFO] IPUIPlugin:74 - create IPUIPlugin
2025-10-04 07:16:55,237 [INFO] IPUIPlugin:74 - create IPUIPlugin
2025-10-04 07:16:55,237 [INFO] IPUIPlugin:74 - create IPUIPlugin
2025-10-04 07:16:55,237 [INFO] IPUIPlugin:74 - create IPUIPlugin
2025-10-04 07:16:55,237 [INFO] IPUIPlugin:74 - create IPUIPlugin
2025-10-04 07:16:55,238 [INFO] IPUIPlugin:74 - create IPUIPlugin
2025-10-04 07:16:55,238 [INFO] IPUIPlugin:74 - create IPUIPlugin
2025-10-04 07:16:55,238 [INFO] IPUIPlugin:74 - create IPUIPlugin
2025-10-04 07:16:55,238 [INFO] IPUIPlugin:74 - create IPUIPlugin
2025-10-04 07:16:55,238 [INFO] IPUIPlugin:74 - create IPUIPlugin
2025-10-04 07:16:55,238 [INFO] IPUIPlugin:74 - create IPUIPlugin
2025-10-04 07:16:55,238 [INFO] IPUIPlugin:74 - create IPUIPlugin
2025-10-04 07:16:55,238 [INFO] IPUIPlugin:74 - create IPUIPlugin
2025-10-04 07:16:55,238 [INFO] IPUIPlugin:74 - create IPUIPlugin
2025-10-04 07:16:55,239 [INFO] IPUIPlugin:74 - create IPUIPlugin
2025-10-04 07:16:55,239 [INFO] IPUIPlugin:74 - create IPUIPlugin
2025-10-04 07:16:55,239 [INFO] IPUIPlugin:74 - create IPUIPlugin
2025-10-04 07:16:55,239 [INFO] IPUIPlugin:74 - create IPUIPlugin
2025-10-04 07:16:55,239 [INFO] IPUIPlugin:74 - create IPUIPlugin
2025-10-04 07:16:55,239 [INFO] IPUIPlugin:74 - create IPUIPlugin
2025-10-04 07:16:55,240 [INFO] IPUIPlugin:74 - create IPUIPlugin
2025-10-04 07:16:55,240 [INFO] IPUIPlugin:74 - create IPUIPlugin
2025-10-04 07:16:55,240 [INFO] IPUIPlugin:74 - create IPUIPlugin
2025-10-04 07:16:55,249 [INFO] OpenFileManager:333 - Restore cursor
2025-10-04 07:17:32,055 [INFO] UtilMem:74 - End SaveConfig() Used Memory: 915667808 Bytes (1073741824)
2025-10-04 07:17:33,328 [INFO] UtilMem:74 - End SaveConfig() Used Memory: 933317840 Bytes (1073741824)
2025-10-04 07:17:33,416 [INFO] UtilMem:74 - End SaveConfig() Used Memory: 952896776 Bytes (1073741824)
2025-10-04 07:17:33,558 [INFO] BlockDiagram:2740 - set Specific Code input for plugin: NVIC
2025-10-04 07:17:33,559 [INFO] BlockDiagram:2740 - set Specific Code input for plugin: SYS
2025-10-04 07:17:33,559 [INFO] BlockDiagram:2740 - set Specific Code input for plugin: GPIO
2025-10-04 07:17:33,559 [INFO] BlockDiagram:2740 - set Specific Code input for plugin: RCC
2025-10-04 07:17:33,559 [INFO] BlockDiagram:2740 - set Specific Code input for plugin: TIM1_8F1
2025-10-04 07:17:33,559 [INFO] CodeGenerator:663 - code generatio: config db path: C:\ST\STM32CubeIDE_1.7.0\STM32CubeIDE\plugins\com.st.stm32cube.common.mx_6.3.0.202107141111\\db\
2025-10-04 07:17:33,720 [INFO] CodeEngine:239 - oldGeneratedFile, C:\VXLWorkspace\Project-2\Stm32Cube\Project2\MXTmpFiles\license.tmp_save
2025-10-04 07:17:33,775 [INFO] CodeEngine:257 - Generated code: C:\VXLWorkspace\Project-2\Stm32Cube\Project2\MXTmpFiles\license.tmp
2025-10-04 07:17:33,814 [INFO] CodeEngine:239 - oldGeneratedFile, C:\VXLWorkspace\Project-2\Stm32Cube\Project2\MXTmpFiles\gpio.tmp_save
2025-10-04 07:17:33,859 [INFO] CodeEngine:257 - Generated code: C:\VXLWorkspace\Project-2\Stm32Cube\Project2\MXTmpFiles\gpio.tmp
2025-10-04 07:17:33,937 [INFO] CodeEngine:239 - oldGeneratedFile, C:\VXLWorkspace\Project-2\Stm32Cube\Project2\Core\Src\stm32f1xx_it.c_save
2025-10-04 07:17:33,995 [INFO] CodeEngine:257 - Generated code: C:\VXLWorkspace\Project-2\Stm32Cube\Project2\Core\Src\stm32f1xx_it.c
2025-10-04 07:17:33,998 [INFO] CodeEngine:239 - oldGeneratedFile, C:\VXLWorkspace\Project-2\Stm32Cube\Project2\Core\Inc\stm32f1xx_it.h_save
2025-10-04 07:17:34,038 [INFO] CodeEngine:257 - Generated code: C:\VXLWorkspace\Project-2\Stm32Cube\Project2\Core\Inc\stm32f1xx_it.h
2025-10-04 07:17:34,048 [INFO] CodeEngine:239 - oldGeneratedFile, C:\VXLWorkspace\Project-2\Stm32Cube\Project2\Core\Src\stm32f1xx_hal_msp.c_save
2025-10-04 07:17:34,096 [INFO] CodeEngine:257 - Generated code: C:\VXLWorkspace\Project-2\Stm32Cube\Project2\Core\Src\stm32f1xx_hal_msp.c
2025-10-04 07:17:34,097 [INFO] CodeEngine:239 - oldGeneratedFile, C:\VXLWorkspace\Project-2\Stm32Cube\Project2\MXTmpFiles\system.tmp_save
2025-10-04 07:17:34,130 [INFO] CodeEngine:257 - Generated code: C:\VXLWorkspace\Project-2\Stm32Cube\Project2\MXTmpFiles\system.tmp
2025-10-04 07:17:34,141 [INFO] CodeEngine:239 - oldGeneratedFile, C:\VXLWorkspace\Project-2\Stm32Cube\Project2\Core\Inc\stm32f1xx_hal_conf.h_save
2025-10-04 07:17:34,210 [INFO] CodeEngine:257 - Generated code: C:\VXLWorkspace\Project-2\Stm32Cube\Project2\Core\Inc\stm32f1xx_hal_conf.h
2025-10-04 07:17:34,230 [WARN] IPConfigManager:3148 - IP not found : TIM
2025-10-04 07:17:34,230 [WARN] CodeGenerator:3268 - IP not found : null
2025-10-04 07:17:34,243 [INFO] CodeEngine:239 - oldGeneratedFile, C:\VXLWorkspace\Project-2\Stm32Cube\Project2\Core\Inc\main.h_save
2025-10-04 07:17:34,305 [INFO] CodeEngine:257 - Generated code: C:\VXLWorkspace\Project-2\Stm32Cube\Project2\Core\Inc\main.h
2025-10-04 07:17:34,317 [INFO] CodeEngine:239 - oldGeneratedFile, C:\VXLWorkspace\Project-2\Stm32Cube\Project2\Core\Src\main.c_save
2025-10-04 07:17:34,401 [INFO] CodeEngine:257 - Generated code: C:\VXLWorkspace\Project-2\Stm32Cube\Project2\Core\Src\main.c
2025-10-04 07:17:34,957 [INFO] ProjectBuilder:2578 - Time for Copy HAL[1] : 41mS.
2025-10-04 07:17:34,959 [INFO] ProjectBuilder:3622 - Project Generator version: 3.14.1
2025-10-04 07:17:35,184 [INFO] ConfigFileManager:1271 - The Die is : DIE412
2025-10-04 07:17:35,188 [INFO] ApiDbMcu:468 - Load IP Config File for FATFS
2025-10-04 07:17:35,200 [INFO] ApiDbMcu:468 - Load IP Config File for FREERTOS
2025-10-04 07:17:35,210 [INFO] ApiDbMcu:468 - Load IP Config File for USB_DEVICE
2025-10-04 07:17:36,227 [INFO] ProjectBuilder:3789 - Time for Generating toolchain IDE Files: 1268mS.
2025-10-04 07:17:36,228 [INFO] ProjectBuilder:2457 - Time for Copy CMSIS : 1mS.
2025-10-04 07:17:36,229 [INFO] ProjectBuilder:2457 - Time for Copy CMSIS : 0mS.
2025-10-04 10:43:02,086 [INFO] Activator:177 - 


2025-10-04 10:43:02,087 [INFO] Activator:178 - !SESSION log4j initialized
2025-10-04 12:05:01,294 [INFO] McuFinderGlobals:39 - Set McuFinder mode to 2 (CubeIDE integrated)
2025-10-04 12:05:01,530 [INFO] ApplicationProperties:181 - Using Application install path: C:\ST\STM32CubeIDE_1.7.0\STM32CubeIDE\plugins\com.st.stm32cube.common.mx_6.3.0.202107141111
2025-10-04 12:05:01,538 [INFO] DbMcusXml:74 - Set database path to: C:\ST\STM32CubeIDE_1.7.0\STM32CubeIDE\plugins\com.st.stm32cube.common.mx_6.3.0.202107141111\\db\/mcu/
2025-10-04 12:05:01,541 [INFO] DbBoardsPdsc:56 - Set plugin database path to: C:\ST\STM32CubeIDE_1.7.0\STM32CubeIDE\plugins\com.st.stm32cube.common.mx_6.3.0.202107141111\\db\/plugins/boardmanager/
2025-10-04 12:05:01,541 [INFO] DbMcus:258 - Set plugin images path to: C:\ST\STM32CubeIDE_1.7.0\STM32CubeIDE\plugins\com.st.stm32cube.common.mx_6.3.0.202107141111\\db\/plugins/mcufinder/images/
2025-10-04 12:05:01,542 [INFO] DbBoards:264 - Set plugin images path to: C:\ST\STM32CubeIDE_1.7.0\STM32CubeIDE\plugins\com.st.stm32cube.common.mx_6.3.0.202107141111\\db\/plugins/mcufinder/images/
2025-10-04 12:05:01,543 [INFO] DbExamples:333 - Set plugin images path to: C:\ST\STM32CubeIDE_1.7.0\STM32CubeIDE\plugins\com.st.stm32cube.common.mx_6.3.0.202107141111\\db\/plugins/mcufinder/images/
2025-10-04 12:05:01,548 [INFO] DbMcusAds:119 - Set database path to: C:\Users\NCPC\.stmcufinder\plugins\mcufinder//mcu/
2025-10-04 12:05:01,549 [INFO] DbMcusDocs:110 - Set database path to: C:\Users\NCPC\.stmcufinder\plugins\mcufinder//mcu/
2025-10-04 12:05:01,550 [INFO] DbMcusJson:64 - Set database path to: C:\Users\NCPC\.stmcufinder\plugins\mcufinder//mcu/
2025-10-04 12:05:01,551 [INFO] DbBoardsDocs:110 - Set database path to: C:\Users\NCPC\.stmcufinder\plugins\mcufinder//mcu/
2025-10-04 12:05:01,551 [INFO] DbBoardsJson:57 - Set database path to: C:\Users\NCPC\.stmcufinder\plugins\mcufinder//mcu/
2025-10-04 12:05:01,602 [INFO] CrossReferenceDbSqlite:196 - Set database path to: C:\Users\NCPC\.stmcufinder\plugins\mcufinder//mcu/cs/
2025-10-04 12:05:01,604 [INFO] DbExamplesSqlite:767 - Set database path to: C:\Users\NCPC\.stmcufinder\plugins\mcufinder//mcu/
2025-10-04 12:05:01,678 [INFO] RulesReader:57 - Compatibility file has been processed (242 Rules)
2025-10-04 12:05:01,730 [INFO] DbMcusXml:74 - Set database path to: C:\ST\STM32CubeIDE_1.7.0\STM32CubeIDE\plugins\com.st.stm32cube.common.mx_6.3.0.202107141111\\db\/mcu/
2025-10-04 12:05:01,730 [INFO] DbBoardsPdsc:56 - Set plugin database path to: C:\ST\STM32CubeIDE_1.7.0\STM32CubeIDE\plugins\com.st.stm32cube.common.mx_6.3.0.202107141111\\db\/plugins/boardmanager/
2025-10-04 12:05:01,731 [INFO] DbMcus:258 - Set plugin images path to: C:\ST\STM32CubeIDE_1.7.0\STM32CubeIDE\plugins\com.st.stm32cube.common.mx_6.3.0.202107141111\\db\/plugins/mcufinder/images/
2025-10-04 12:05:01,731 [INFO] DbBoards:264 - Set plugin images path to: C:\ST\STM32CubeIDE_1.7.0\STM32CubeIDE\plugins\com.st.stm32cube.common.mx_6.3.0.202107141111\\db\/plugins/mcufinder/images/
2025-10-04 12:05:01,731 [INFO] DbExamples:333 - Set plugin images path to: C:\ST\STM32CubeIDE_1.7.0\STM32CubeIDE\plugins\com.st.stm32cube.common.mx_6.3.0.202107141111\\db\/plugins/mcufinder/images/
2025-10-04 12:05:01,731 [WARN] DbFile:35 - Overriding database path with different value: C:\Users\NCPC\.stmcufinder\plugins\mcufinder/ => C:\Users\NCPC\.stmcufinder\plugins\mcufinder
2025-10-04 12:05:01,731 [INFO] DbMcusAds:119 - Set database path to: C:\Users\NCPC\.stmcufinder\plugins\mcufinder//mcu/
2025-10-04 12:05:01,731 [WARN] DbFile:35 - Overriding database path with different value: C:\Users\NCPC\.stmcufinder\plugins\mcufinder/ => C:\Users\NCPC\.stmcufinder\plugins\mcufinder
2025-10-04 12:05:01,731 [INFO] DbMcusDocs:110 - Set database path to: C:\Users\NCPC\.stmcufinder\plugins\mcufinder//mcu/
2025-10-04 12:05:01,731 [WARN] DbFile:35 - Overriding database path with different value: C:\Users\NCPC\.stmcufinder\plugins\mcufinder/ => C:\Users\NCPC\.stmcufinder\plugins\mcufinder
2025-10-04 12:05:01,731 [INFO] DbMcusJson:64 - Set database path to: C:\Users\NCPC\.stmcufinder\plugins\mcufinder//mcu/
2025-10-04 12:05:01,731 [WARN] DbFile:35 - Overriding database path with different value: C:\Users\NCPC\.stmcufinder\plugins\mcufinder/ => C:\Users\NCPC\.stmcufinder\plugins\mcufinder
2025-10-04 12:05:01,731 [INFO] DbBoardsDocs:110 - Set database path to: C:\Users\NCPC\.stmcufinder\plugins\mcufinder//mcu/
2025-10-04 12:05:01,731 [WARN] DbFile:35 - Overriding database path with different value: C:\Users\NCPC\.stmcufinder\plugins\mcufinder/ => C:\Users\NCPC\.stmcufinder\plugins\mcufinder
2025-10-04 12:05:01,732 [INFO] DbBoardsJson:57 - Set database path to: C:\Users\NCPC\.stmcufinder\plugins\mcufinder//mcu/
2025-10-04 12:05:01,732 [WARN] DbFile:35 - Overriding database path with different value: C:\Users\NCPC\.stmcufinder\plugins\mcufinder/ => C:\Users\NCPC\.stmcufinder\plugins\mcufinder
2025-10-04 12:05:01,732 [WARN] DbFile:35 - Overriding database path with different value: C:\Users\NCPC\.stmcufinder\plugins\mcufinder/ => C:\Users\NCPC\.stmcufinder\plugins\mcufinder
2025-10-04 12:05:01,732 [INFO] CrossReferenceDbSqlite:196 - Set database path to: C:\Users\NCPC\.stmcufinder\plugins\mcufinder//mcu/cs/
2025-10-04 12:05:01,732 [WARN] DbFile:35 - Overriding database path with different value: C:\Users\NCPC\.stmcufinder\plugins\mcufinder/ => C:\Users\NCPC\.stmcufinder\plugins\mcufinder
2025-10-04 12:05:01,732 [INFO] DbExamplesSqlite:767 - Set database path to: C:\Users\NCPC\.stmcufinder\plugins\mcufinder//mcu/
2025-10-04 12:05:01,776 [INFO] MainPanel:214 - HeapMemory: 943718400
2025-10-04 12:05:01,834 [INFO] DbMcusXml:74 - Set database path to: C:\ST\STM32CubeIDE_1.7.0\STM32CubeIDE\plugins\com.st.stm32cube.common.mx_6.3.0.202107141111\\db\/mcu/
2025-10-04 12:05:01,834 [INFO] DbBoardsPdsc:56 - Set plugin database path to: C:\ST\STM32CubeIDE_1.7.0\STM32CubeIDE\plugins\com.st.stm32cube.common.mx_6.3.0.202107141111\\db\/plugins/boardmanager/
2025-10-04 12:05:01,835 [INFO] DbMcus:258 - Set plugin images path to: C:\ST\STM32CubeIDE_1.7.0\STM32CubeIDE\plugins\com.st.stm32cube.common.mx_6.3.0.202107141111\\db\/plugins/mcufinder/images/
2025-10-04 12:05:01,835 [INFO] DbBoards:264 - Set plugin images path to: C:\ST\STM32CubeIDE_1.7.0\STM32CubeIDE\plugins\com.st.stm32cube.common.mx_6.3.0.202107141111\\db\/plugins/mcufinder/images/
2025-10-04 12:05:01,835 [INFO] DbExamples:333 - Set plugin images path to: C:\ST\STM32CubeIDE_1.7.0\STM32CubeIDE\plugins\com.st.stm32cube.common.mx_6.3.0.202107141111\\db\/plugins/mcufinder/images/
2025-10-04 12:05:01,835 [WARN] DbFile:35 - Overriding database path with different value: C:\Users\NCPC\.stmcufinder\plugins\mcufinder/ => C:\Users\NCPC\.stmcufinder\plugins\mcufinder
2025-10-04 12:05:01,835 [INFO] DbMcusAds:119 - Set database path to: C:\Users\NCPC\.stmcufinder\plugins\mcufinder//mcu/
2025-10-04 12:05:01,835 [WARN] DbFile:35 - Overriding database path with different value: C:\Users\NCPC\.stmcufinder\plugins\mcufinder/ => C:\Users\NCPC\.stmcufinder\plugins\mcufinder
2025-10-04 12:05:01,835 [INFO] DbMcusDocs:110 - Set database path to: C:\Users\NCPC\.stmcufinder\plugins\mcufinder//mcu/
2025-10-04 12:05:01,835 [WARN] DbFile:35 - Overriding database path with different value: C:\Users\NCPC\.stmcufinder\plugins\mcufinder/ => C:\Users\NCPC\.stmcufinder\plugins\mcufinder
2025-10-04 12:05:01,836 [INFO] DbMcusJson:64 - Set database path to: C:\Users\NCPC\.stmcufinder\plugins\mcufinder//mcu/
2025-10-04 12:05:01,836 [WARN] DbFile:35 - Overriding database path with different value: C:\Users\NCPC\.stmcufinder\plugins\mcufinder/ => C:\Users\NCPC\.stmcufinder\plugins\mcufinder
2025-10-04 12:05:01,836 [INFO] DbBoardsDocs:110 - Set database path to: C:\Users\NCPC\.stmcufinder\plugins\mcufinder//mcu/
2025-10-04 12:05:01,836 [WARN] DbFile:35 - Overriding database path with different value: C:\Users\NCPC\.stmcufinder\plugins\mcufinder/ => C:\Users\NCPC\.stmcufinder\plugins\mcufinder
2025-10-04 12:05:01,836 [INFO] DbBoardsJson:57 - Set database path to: C:\Users\NCPC\.stmcufinder\plugins\mcufinder//mcu/
2025-10-04 12:05:01,836 [WARN] DbFile:35 - Overriding database path with different value: C:\Users\NCPC\.stmcufinder\plugins\mcufinder/ => C:\Users\NCPC\.stmcufinder\plugins\mcufinder
2025-10-04 12:05:01,836 [WARN] DbFile:35 - Overriding database path with different value: C:\Users\NCPC\.stmcufinder\plugins\mcufinder/ => C:\Users\NCPC\.stmcufinder\plugins\mcufinder
2025-10-04 12:05:01,836 [INFO] CrossReferenceDbSqlite:196 - Set database path to: C:\Users\NCPC\.stmcufinder\plugins\mcufinder//mcu/cs/
2025-10-04 12:05:01,836 [WARN] DbFile:35 - Overriding database path with different value: C:\Users\NCPC\.stmcufinder\plugins\mcufinder/ => C:\Users\NCPC\.stmcufinder\plugins\mcufinder
2025-10-04 12:05:01,836 [INFO] DbExamplesSqlite:767 - Set database path to: C:\Users\NCPC\.stmcufinder\plugins\mcufinder//mcu/
2025-10-04 12:05:01,847 [INFO] ApplicationProperties:181 - Using Application install path: C:\ST\STM32CubeIDE_1.7.0\STM32CubeIDE\plugins\com.st.stm32cube.common.mx_6.3.0.202107141111
2025-10-04 12:05:01,848 [INFO] PluginManage:188 - Search for loadable plugins [exclusion list=, ]
2025-10-04 12:05:01,849 [INFO] PluginManage:302 - Check plugin analytics
2025-10-04 12:05:01,943 [INFO] AnalyticsPlugin:257 - Accepted Software Licenses: 
2025-10-04 12:05:01,944 [INFO] AnalyticsPlugin:259 - Accepted CMSIS Pack Licenses: 
2025-10-04 12:05:01,944 [INFO] AnalyticsPlugin:261 - Accepted Firmware Licenses: 
2025-10-04 12:05:01,944 [INFO] PluginManage:352 - Loaded plugin analytics (category:tool,tabindex:-1)
2025-10-04 12:05:01,944 [INFO] PluginManage:302 - Check plugin clock
2025-10-04 12:05:01,964 [INFO] PluginManage:352 - Loaded plugin clock (category:base,tabindex:2)
2025-10-04 12:05:01,964 [INFO] PluginManage:302 - Check plugin ddr
2025-10-04 12:05:01,965 [INFO] PluginManage:352 - Loaded plugin ddr (category:tool,tabindex:6)
2025-10-04 12:05:01,965 [INFO] PluginManage:302 - Check plugin filemanager
2025-10-04 12:05:02,042 [INFO] PluginManage:352 - Loaded plugin filemanager (category:base,tabindex:10)
2025-10-04 12:05:02,042 [INFO] PluginManage:302 - Check plugin ipmanager
2025-10-04 12:05:02,047 [INFO] PluginManage:352 - Loaded plugin ipmanager (category:base,tabindex:5)
2025-10-04 12:05:02,047 [INFO] PluginManage:302 - Check plugin pinoutandconfiguration
2025-10-04 12:05:02,064 [INFO] PluginManage:352 - Loaded plugin pinoutandconfiguration (category:base,tabindex:1)
2025-10-04 12:05:02,064 [INFO] PluginManage:302 - Check plugin pinoutconfig
2025-10-04 12:05:02,091 [INFO] PluginManage:352 - Loaded plugin pinoutconfig (category:base,tabindex:0)
2025-10-04 12:05:02,091 [INFO] PluginManage:302 - Check plugin power
2025-10-04 12:05:02,109 [INFO] PluginManage:352 - Loaded plugin power (category:power,tabindex:4)
2025-10-04 12:05:02,110 [INFO] PluginManage:302 - Check plugin projectmanager
2025-10-04 12:05:02,120 [INFO] PluginManage:352 - Loaded plugin projectmanager (category:projectmanager,tabindex:3)
2025-10-04 12:05:02,120 [INFO] PluginManage:302 - Check plugin thirdparty
2025-10-04 12:05:02,323 [WARN] IntegrityCheckThread:78 - waiting for thirdparty lock release [integrity check]
2025-10-04 12:05:02,323 [INFO] PluginManage:352 - Loaded plugin thirdparty (category:base,tabindex:-1)
2025-10-04 12:05:02,324 [INFO] PluginManage:302 - Check plugin tools
2025-10-04 12:05:02,324 [INFO] IntegrityCheckThread:80 - entering critical section [integrity check]
2025-10-04 12:05:02,325 [INFO] ThirdPartyUpdaterWithRetryManager:66 - Updater plugin not ready yet. [1/15]
2025-10-04 12:05:02,394 [INFO] PluginManage:352 - Loaded plugin tools (category:base,tabindex:7)
2025-10-04 12:05:02,394 [INFO] PluginManage:302 - Check plugin tutovideos
2025-10-04 12:05:02,573 [INFO] PluginManage:352 - Loaded plugin tutovideos (category:base,tabindex:-1)
2025-10-04 12:05:02,574 [INFO] PluginManage:302 - Check plugin updater
2025-10-04 12:05:02,584 [INFO] PluginManage:352 - Loaded plugin updater (category:base,tabindex:12)
2025-10-04 12:05:02,584 [INFO] PluginManage:275 - PluginManage : Loaded plugins [13]
2025-10-04 12:05:02,695 [INFO] PinOutPanel:1463 - setPackage(No Configuration,No Configuration)
2025-10-04 12:05:02,764 [INFO] IPUIPlugin:74 - create IPUIPlugin
2025-10-04 12:05:02,764 [INFO] PluginManager:213 - loadIPPluginJar : add adc
2025-10-04 12:05:02,806 [INFO] IPUIPlugin:74 - create IPUIPlugin
2025-10-04 12:05:02,806 [INFO] PluginManager:213 - loadIPPluginJar : add aes
2025-10-04 12:05:02,850 [INFO] IPUIPlugin:74 - create IPUIPlugin
2025-10-04 12:05:02,850 [INFO] PluginManager:213 - loadIPPluginJar : add can
2025-10-04 12:05:02,883 [INFO] IPUIPlugin:74 - create IPUIPlugin
2025-10-04 12:05:02,884 [INFO] PluginManager:213 - loadIPPluginJar : add comp
2025-10-04 12:05:02,920 [INFO] IPUIPlugin:74 - create IPUIPlugin
2025-10-04 12:05:02,920 [INFO] PluginManager:213 - loadIPPluginJar : add cryp
2025-10-04 12:05:02,958 [INFO] IPUIPlugin:74 - create IPUIPlugin
2025-10-04 12:05:02,958 [INFO] PluginManager:213 - loadIPPluginJar : add dfsdm
2025-10-04 12:05:02,971 [INFO] IPUIPlugin:74 - create IPUIPlugin
2025-10-04 12:05:02,971 [INFO] PluginManager:213 - loadIPPluginJar : add dma
2025-10-04 12:05:03,020 [INFO] IPUIPlugin:74 - create IPUIPlugin
2025-10-04 12:05:03,020 [INFO] PluginManager:213 - loadIPPluginJar : add dma3
2025-10-04 12:05:03,049 [INFO] IPUIPlugin:74 - create IPUIPlugin
2025-10-04 12:05:03,049 [INFO] PluginManager:213 - loadIPPluginJar : add fatfs
2025-10-04 12:05:03,104 [INFO] IPUIPlugin:74 - create IPUIPlugin
2025-10-04 12:05:03,104 [INFO] PluginManager:213 - loadIPPluginJar : add fmc
2025-10-04 12:05:03,117 [INFO] IPUIPlugin:74 - create IPUIPlugin
2025-10-04 12:05:03,117 [INFO] PluginManager:213 - loadIPPluginJar : add freertos
2025-10-04 12:05:03,149 [INFO] IPUIPlugin:74 - create IPUIPlugin
2025-10-04 12:05:03,149 [INFO] PluginManager:213 - loadIPPluginJar : add genericplugin
2025-10-04 12:05:03,231 [INFO] IPUIPlugin:74 - create IPUIPlugin
2025-10-04 12:05:03,231 [INFO] PluginManager:213 - loadIPPluginJar : add gfxmmu
2025-10-04 12:05:03,347 [INFO] IPUIPlugin:74 - create IPUIPlugin
2025-10-04 12:05:03,347 [INFO] PluginManager:213 - loadIPPluginJar : add gic
2025-10-04 12:05:03,358 [INFO] IPUIPlugin:74 - create IPUIPlugin
2025-10-04 12:05:03,359 [INFO] PluginManager:213 - loadIPPluginJar : add gpio
2025-10-04 12:05:03,427 [INFO] IPUIPlugin:74 - create IPUIPlugin
2025-10-04 12:05:03,428 [INFO] PluginManager:213 - loadIPPluginJar : add gtzc
2025-10-04 12:05:03,463 [INFO] IPUIPlugin:74 - create IPUIPlugin
2025-10-04 12:05:03,463 [INFO] PluginManager:213 - loadIPPluginJar : add hash
2025-10-04 12:05:03,516 [INFO] IPUIPlugin:74 - create IPUIPlugin
2025-10-04 12:05:03,516 [INFO] PluginManager:213 - loadIPPluginJar : add i2c
2025-10-04 12:05:03,560 [INFO] IPUIPlugin:74 - create IPUIPlugin
2025-10-04 12:05:03,560 [INFO] PluginManager:213 - loadIPPluginJar : add i2s
2025-10-04 12:05:03,571 [INFO] IPUIPlugin:74 - create IPUIPlugin
2025-10-04 12:05:03,571 [INFO] PluginManager:213 - loadIPPluginJar : add ipddr
2025-10-04 12:05:03,654 [INFO] IPUIPlugin:74 - create IPUIPlugin
2025-10-04 12:05:03,654 [INFO] PluginManager:213 - loadIPPluginJar : add linkedlist
2025-10-04 12:05:03,697 [INFO] IPUIPlugin:74 - create IPUIPlugin
2025-10-04 12:05:03,697 [INFO] PluginManager:213 - loadIPPluginJar : add lorawan
2025-10-04 12:05:03,739 [INFO] IPUIPlugin:74 - create IPUIPlugin
2025-10-04 12:05:03,740 [INFO] PluginManager:213 - loadIPPluginJar : add ltdc
2025-10-04 12:05:03,752 [INFO] IPUIPlugin:74 - create IPUIPlugin
2025-10-04 12:05:03,752 [INFO] PluginManager:213 - loadIPPluginJar : add mdma
2025-10-04 12:05:03,762 [INFO] IPUIPlugin:74 - create IPUIPlugin
2025-10-04 12:05:03,763 [INFO] PluginManager:213 - loadIPPluginJar : add nvic
2025-10-04 12:05:03,808 [INFO] IPUIPlugin:74 - create IPUIPlugin
2025-10-04 12:05:03,808 [INFO] PluginManager:213 - loadIPPluginJar : add opamp
2025-10-04 12:05:03,871 [INFO] IPUIPlugin:74 - create IPUIPlugin
2025-10-04 12:05:03,871 [INFO] PluginManager:213 - loadIPPluginJar : add openamp
2025-10-04 12:05:03,919 [INFO] IPUIPlugin:74 - create IPUIPlugin
2025-10-04 12:05:03,919 [INFO] PluginManager:213 - loadIPPluginJar : add pdm2pcm
2025-10-04 12:05:03,931 [INFO] IPUIPlugin:74 - create IPUIPlugin
2025-10-04 12:05:03,933 [INFO] PluginManager:213 - loadIPPluginJar : add plateformsettings
2025-10-04 12:05:03,967 [INFO] IPUIPlugin:74 - create IPUIPlugin
2025-10-04 12:05:03,968 [INFO] PluginManager:213 - loadIPPluginJar : add quadspi
2025-10-04 12:05:03,980 [INFO] IPUIPlugin:74 - create IPUIPlugin
2025-10-04 12:05:03,980 [INFO] PluginManager:213 - loadIPPluginJar : add resmgrutility
2025-10-04 12:05:04,031 [INFO] IPUIPlugin:74 - create IPUIPlugin
2025-10-04 12:05:04,031 [INFO] PluginManager:213 - loadIPPluginJar : add sai
2025-10-04 12:05:04,075 [INFO] IPUIPlugin:74 - create IPUIPlugin
2025-10-04 12:05:04,075 [INFO] PluginManager:213 - loadIPPluginJar : add spi
2025-10-04 12:05:04,132 [INFO] IPUIPlugin:74 - create IPUIPlugin
2025-10-04 12:05:04,132 [INFO] PluginManager:213 - loadIPPluginJar : add stm32_wpan
2025-10-04 12:05:04,164 [INFO] IPUIPlugin:74 - create IPUIPlugin
2025-10-04 12:05:04,164 [INFO] PluginManager:213 - loadIPPluginJar : add tim
2025-10-04 12:05:04,222 [INFO] IPUIPlugin:74 - create IPUIPlugin
2025-10-04 12:05:04,222 [INFO] PluginManager:213 - loadIPPluginJar : add touchsensing
2025-10-04 12:05:04,253 [INFO] IPUIPlugin:74 - create IPUIPlugin
2025-10-04 12:05:04,253 [INFO] PluginManager:213 - loadIPPluginJar : add tracer_emb
2025-10-04 12:05:04,284 [INFO] IPUIPlugin:74 - create IPUIPlugin
2025-10-04 12:05:04,285 [INFO] PluginManager:213 - loadIPPluginJar : add ts
2025-10-04 12:05:04,317 [INFO] IPUIPlugin:74 - create IPUIPlugin
2025-10-04 12:05:04,318 [INFO] PluginManager:213 - loadIPPluginJar : add tsc
2025-10-04 12:05:04,348 [INFO] IPUIPlugin:74 - create IPUIPlugin
2025-10-04 12:05:04,348 [INFO] PluginManager:213 - loadIPPluginJar : add ucpd
2025-10-04 12:05:04,395 [INFO] IPUIPlugin:74 - create IPUIPlugin
2025-10-04 12:05:04,395 [INFO] PluginManager:213 - loadIPPluginJar : add usart
2025-10-04 12:05:04,438 [INFO] IPUIPlugin:74 - create IPUIPlugin
2025-10-04 12:05:04,438 [INFO] PluginManager:213 - loadIPPluginJar : add usbx
2025-10-04 12:05:04,653 [FATAL] Updater:294 - Updater called before beeing initialized
2025-10-04 12:05:04,714 [FATAL] Updater:294 - Updater called before beeing initialized
2025-10-04 12:05:04,723 [INFO] DbMcusAds:47 - JSON generation date=Tue Jul 08 15:14:23 ICT 2025 (1751962463524)
2025-10-04 12:05:04,723 [FATAL] Updater:294 - Updater called before beeing initialized
2025-10-04 12:05:04,747 [WARN] DetailPanel:314 - Failed to get advertising image, set to default
2025-10-04 12:05:04,796 [FATAL] Updater:294 - Updater called before beeing initialized
2025-10-04 12:05:04,798 [FATAL] Updater:294 - Updater called before beeing initialized
2025-10-04 12:05:04,798 [FATAL] Updater:294 - Updater called before beeing initialized
2025-10-04 12:05:04,799 [WARN] DetailPanel:314 - Failed to get advertising image, set to default
2025-10-04 12:05:04,799 [FATAL] Updater:294 - Updater called before beeing initialized
2025-10-04 12:05:04,837 [ERROR] Updater:1075 - MainUpdater not yet initialized. External WinMGr cannot be set.
2025-10-04 12:05:04,845 [INFO] Updater:1012 - Updater Version found : 6.3.0
2025-10-04 12:05:04,860 [INFO] ApplicationProperties:181 - Using Application install path: C:\ST\STM32CubeIDE_1.7.0\STM32CubeIDE\plugins\com.st.stm32cube.common.mx_6.3.0.202107141111
2025-10-04 12:05:05,340 [INFO] ThirdPartyUpdaterWithRetryManager:66 - Updater plugin not ready yet. [2/15]
2025-10-04 12:05:05,611 [INFO] MainUpdater:2671 - connection check result : 10
2025-10-04 12:05:05,612 [INFO] MainUpdater:265 - Updater Check For Update Now.
2025-10-04 12:05:05,613 [INFO] MicroXplorer:478 - Change Database Version : DB.6.0.30
2025-10-04 12:05:05,791 [INFO] CheckServerUpdateThread:112 - End of CheckServer Thread
2025-10-04 12:05:05,857 [INFO] MainUpdater:2671 - connection check result : 10
2025-10-04 12:05:05,867 [INFO] MainUpdater:2671 - connection check result : 10
2025-10-04 12:05:06,031 [INFO] MicroXplorer:448 - Change Database Path : 
2025-10-04 12:05:06,032 [INFO] MicroXplorer:478 - Change Database Version : DB.6.0.30
2025-10-04 12:05:06,032 [WARN] ThirdParty:813 - waiting for thirdparty lock release [close project]
2025-10-04 12:05:08,459 [ERROR] Engine:463 - C:\Users\NCPC\.stm32cubemx\thirdparties\pdsc\STMicroelectronics.FP-SNS-MOTENVWB1.1.4.0.pdsc: PDSC version is not supported
2025-10-04 12:05:08,484 [WARN] PackLoader:238 - Cannot read IP mode file for STMicroelectronics.FP-ATR-ASTRA1.2.0.2
2025-10-04 12:05:08,494 [ERROR] Engine:463 - C:\Users\NCPC\.stm32cubemx\thirdparties\pdsc\STMicroelectronics.X-CUBE-SMBUS.2.1.0.pdsc: PDSC version is not supported
2025-10-04 12:05:08,502 [ERROR] Engine:463 - C:\Users\NCPC\.stm32cubemx\thirdparties\pdsc\STMicroelectronics.X-CUBE-ST60.1.0.0.pdsc: PDSC version is not supported
2025-10-04 12:05:08,533 [WARN] PackLoader:238 - Cannot read IP mode file for STMicroelectronics.X-CUBE-AZRTOS-F7.1.1.0
2025-10-04 12:05:08,548 [ERROR] Engine:463 - C:\Users\NCPC\.stm32cubemx\thirdparties\pdsc\WES.I-CUBE-Cesium.1.4.0.pdsc: PDSC version is not supported
2025-10-04 12:05:08,563 [ERROR] Engine:463 - C:\Users\NCPC\.stm32cubemx\thirdparties\pdsc\Infineon.AIROC-Wi-Fi-Bluetooth-STM32.1.7.1.pdsc: PDSC version is not supported
2025-10-04 12:05:08,592 [WARN] PackLoader:238 - Cannot read IP mode file for STMicroelectronics.X-CUBE-AZRTOS-H7.3.4.0
2025-10-04 12:05:08,607 [ERROR] Engine:463 - C:\Users\NCPC\.stm32cubemx\thirdparties\pdsc\STMicroelectronics.X-CUBE-DISPLAY.3.0.0.pdsc: PDSC version is not supported
2025-10-04 12:05:08,621 [WARN] PackLoader:238 - Cannot read IP mode file for STMicroelectronics.X-CUBE-NFC10.1.0.0
2025-10-04 12:05:08,634 [ERROR] Engine:463 - C:\Users\NCPC\.stm32cubemx\thirdparties\pdsc\emotas.I-CUBE-CANOPEN.1.3.0.pdsc: PDSC version is not supported
2025-10-04 12:05:08,646 [ERROR] Engine:463 - C:\Users\NCPC\.stm32cubemx\thirdparties\pdsc\STMicroelectronics.FP-SNS-STBOX1.2.1.0.pdsc: PDSC version is not supported
2025-10-04 12:05:08,656 [ERROR] Engine:463 - C:\Users\NCPC\.stm32cubemx\thirdparties\pdsc\STMicroelectronics.FP-SNS-SMARTAG2.1.2.0.pdsc: PDSC version is not supported
2025-10-04 12:05:08,669 [ERROR] Engine:463 - C:\Users\NCPC\.stm32cubemx\thirdparties\pdsc\STMicroelectronics.FP-SNS-FLIGHT1.5.1.0.pdsc: PDSC version is not supported
2025-10-04 12:05:08,685 [INFO] LogOutputStream:76 - [STDOUT_REDIRECT] 1 : Invalid condition id : UX_CORESTACK_Condition cause : null
2025-10-04 12:05:08,688 [INFO] LogOutputStream:76 - [STDOUT_REDIRECT] 1 : Invalid condition id : UX_CORESTACK_Condition cause : null
2025-10-04 12:05:08,688 [INFO] LogOutputStream:76 - [STDOUT_REDIRECT] 1 : Invalid condition id : UX_CORESTACK_Condition cause : null
2025-10-04 12:05:08,689 [INFO] LogOutputStream:76 - [STDOUT_REDIRECT] 1 : Invalid condition id : UX_CORESTACK_Condition cause : null
2025-10-04 12:05:08,689 [INFO] LogOutputStream:76 - [STDOUT_REDIRECT] 1 : Invalid condition id : UX_CORESTACK_Condition cause : null
2025-10-04 12:05:08,698 [WARN] PackLoader:238 - Cannot read IP mode file for STMicroelectronics.X-CUBE-AZRTOS-WL.2.0.0
2025-10-04 12:05:08,709 [ERROR] Engine:463 - C:\Users\NCPC\.stm32cubemx\thirdparties\pdsc\STMicroelectronics.FP-SNS-MOTENV1.5.0.0.pdsc: PDSC version is not supported
2025-10-04 12:05:08,720 [WARN] PackLoader:238 - Cannot read IP mode file for STMicroelectronics.X-CUBE-BLE2.3.3.0
2025-10-04 12:05:08,732 [WARN] PackLoader:238 - Cannot read IP mode file for STMicroelectronics.X-CUBE-NFC9.1.0.0
2025-10-04 12:05:08,744 [WARN] PackLoader:238 - Cannot read IP mode file for wolfSSL.I-CUBE-wolfSSL.5.8.2
2025-10-04 12:05:08,755 [WARN] PackLoader:238 - Cannot read IP mode file for STMicroelectronics.X-CUBE-BLE1.7.1.0
2025-10-04 12:05:08,765 [WARN] PackLoader:238 - Cannot read IP mode file for wolfSSL.I-CUBE-wolfMQTT.1.19.2
2025-10-04 12:05:08,777 [WARN] PackLoader:238 - Cannot read IP mode file for STMicroelectronics.X-CUBE-EEPRMA1.5.2.0
2025-10-04 12:05:08,799 [WARN] PackLoader:238 - Cannot read IP mode file for STMicroelectronics.X-CUBE-AZRTOS-G0.1.1.0
2025-10-04 12:05:08,814 [WARN] PackLoader:238 - Cannot read IP mode file for STMicroelectronics.X-CUBE-SAFEA1.1.2.2
2025-10-04 12:05:08,826 [WARN] PackLoader:238 - Cannot read IP mode file for STMicroelectronics.X-CUBE-NFC4.3.0.0
2025-10-04 12:05:08,835 [ERROR] Engine:463 - C:\Users\NCPC\.stm32cubemx\thirdparties\pdsc\EmbeddedOffice.I-CUBE-FS-RTOS.1.0.1.pdsc: PDSC version is not supported
2025-10-04 12:05:08,845 [WARN] PackLoader:238 - Cannot read IP mode file for STMicroelectronics.X-CUBE-WB05N.2.0.0
2025-10-04 12:05:08,854 [WARN] PackLoader:238 - Cannot read IP mode file for wolfSSL.I-CUBE-wolfTPM.3.8.0
2025-10-04 12:05:08,863 [ERROR] Engine:463 - C:\Users\NCPC\.stm32cubemx\thirdparties\pdsc\STMicroelectronics.X-CUBE-TCPP.4.2.0.pdsc: PDSC version is not supported
2025-10-04 12:05:08,870 [ERROR] Engine:463 - C:\Users\NCPC\.stm32cubemx\thirdparties\pdsc\RealThread.X-CUBE-RT-Thread_Nano.4.1.1.pdsc: PDSC version is not supported
2025-10-04 12:05:08,878 [WARN] PackLoader:238 - Cannot read IP mode file for STMicroelectronics.FP-ATR-SIGFOX1.3.2.0
2025-10-04 12:05:08,886 [ERROR] Engine:463 - C:\Users\NCPC\.stm32cubemx\thirdparties\pdsc\ITTIA_DB.I-CUBE-ITTIADB.8.9.0.pdsc: PDSC version is not supported
2025-10-04 12:05:08,894 [ERROR] Engine:463 - C:\Users\NCPC\.stm32cubemx\thirdparties\pdsc\STMicroelectronics.X-CUBE-ST67W61.1.0.0.pdsc: PDSC version is not supported
2025-10-04 12:05:08,902 [WARN] PackLoader:238 - Cannot read IP mode file for STMicroelectronics.X-CUBE-AI.10.2.0
2025-10-04 12:05:08,930 [WARN] PackLoader:238 - Cannot read IP mode file for SEGGER.I-CUBE-embOS.1.3.1
2025-10-04 12:05:08,969 [WARN] PackLoader:238 - Cannot read IP mode file for STMicroelectronics.X-CUBE-ALGOBUILD.1.4.0
2025-10-04 12:05:09,014 [WARN] PackLoader:238 - Cannot read IP mode file for STMicroelectronics.X-CUBE-MEMS1.11.3.0
2025-10-04 12:05:09,131 [WARN] PackLoader:238 - Cannot read IP mode file for STMicroelectronics.X-CUBE-PM33A1.1.0.0
2025-10-04 12:05:09,154 [WARN] PackLoader:238 - Cannot read IP mode file for STMicroelectronics.X-CUBE-AZRTOS-F4.1.1.0
2025-10-04 12:05:09,166 [ERROR] Engine:463 - C:\Users\NCPC\.stm32cubemx\thirdparties\pdsc\Avnet-IotConnect.X-CUBE-IoTC-DA16k-PMOD.1.0.0.pdsc: PDSC version is not supported
2025-10-04 12:05:09,176 [WARN] PackLoader:238 - Cannot read IP mode file for STMicroelectronics.X-CUBE-ISPU.2.1.0
2025-10-04 12:05:09,188 [WARN] PackLoader:238 - Cannot read IP mode file for STMicroelectronics.X-CUBE-NFC12.1.0.0
2025-10-04 12:05:09,213 [WARN] PackLoader:238 - Cannot read IP mode file for STMicroelectronics.X-CUBE-AZRTOS-L5.2.0.0
2025-10-04 12:05:09,226 [WARN] PackLoader:238 - Cannot read IP mode file for STMicroelectronics.X-CUBE-NFC6.3.1.0
2025-10-04 12:05:09,237 [ERROR] Engine:463 - C:\Users\NCPC\.stm32cubemx\thirdparties\pdsc\STMicroelectronics.X-CUBE-FREERTOS.1.3.1.pdsc: PDSC version is not supported
2025-10-04 12:05:09,250 [WARN] PackLoader:238 - Cannot read IP mode file for STMicroelectronics.X-CUBE-TOUCHGFX.4.26.0
2025-10-04 12:05:09,260 [ERROR] Engine:463 - C:\Users\NCPC\.stm32cubemx\thirdparties\pdsc\STMicroelectronics.FP-SNS-STAIOTCFT.1.0.0.pdsc: PDSC version is not supported
2025-10-04 12:05:09,269 [ERROR] Engine:463 - C:\Users\NCPC\.stm32cubemx\thirdparties\pdsc\STMicroelectronics.X-CUBE-DPower.1.3.0.pdsc: PDSC version is not supported
2025-10-04 12:05:09,292 [WARN] ConditionMgr:437 - getConditionDescription Invalid condition id : LAN8742 Phy interface Condition cause : null
2025-10-04 12:05:09,293 [WARN] PackLoader:238 - Cannot read IP mode file for STMicroelectronics.X-CUBE-AZRTOS-L4.2.0.0
2025-10-04 12:05:09,293 [WARN] ConditionMgr:1038 - genDependencies : Invalid condition id : LAN8742 Phy interface Condition cause : null
2025-10-04 12:05:09,293 [WARN] ConditionMgr:1038 - genDependencies : Invalid condition id : LAN8742 Phy interface Condition cause : null
2025-10-04 12:05:09,294 [WARN] ConditionMgr:1038 - genDependencies : Invalid condition id : LAN8742 Phy interface Condition cause : null
2025-10-04 12:05:09,305 [WARN] PackLoader:238 - Cannot read IP mode file for STMicroelectronics.X-CUBE-SFXS2LP1.4.0.0
2025-10-04 12:05:09,316 [ERROR] Engine:463 - C:\Users\NCPC\.stm32cubemx\thirdparties\pdsc\STMicroelectronics.X-CUBE-BLEMGR.4.1.0.pdsc: PDSC version is not supported
2025-10-04 12:05:09,331 [WARN] ConditionMgr:437 - getConditionDescription Invalid condition id : UX DEVICE CLASS RTOS Condition cause : null
2025-10-04 12:05:09,332 [WARN] ConditionMgr:437 - getConditionDescription Invalid condition id : UX DEVICE CLASS RTOS Condition cause : null
2025-10-04 12:05:09,333 [WARN] PackLoader:238 - Cannot read IP mode file for STMicroelectronics.X-CUBE-AZRTOS-WB.2.0.0
2025-10-04 12:05:09,333 [WARN] ConditionMgr:1038 - genDependencies : Invalid condition id : UX DEVICE CLASS RTOS Condition cause : null
2025-10-04 12:05:09,333 [WARN] ConditionMgr:1038 - genDependencies : Invalid condition id : UX DEVICE CLASS RTOS Condition cause : null
2025-10-04 12:05:09,333 [WARN] ConditionMgr:1038 - genDependencies : Invalid condition id : UX DEVICE CLASS RTOS Condition cause : null
2025-10-04 12:05:09,333 [WARN] ConditionMgr:1038 - genDependencies : Invalid condition id : UX DEVICE CLASS RTOS Condition cause : null
2025-10-04 12:05:09,333 [WARN] ConditionMgr:1038 - genDependencies : Invalid condition id : UX DEVICE CLASS RTOS Condition cause : null
2025-10-04 12:05:09,348 [WARN] PackLoader:238 - Cannot read IP mode file for STMicroelectronics.X-CUBE-GNSS1.7.0.1
2025-10-04 12:05:09,357 [WARN] PackLoader:238 - Cannot read IP mode file for STMicroelectronics.X-CUBE-TOUCHGFX.4.25.0
2025-10-04 12:05:09,364 [ERROR] Engine:463 - C:\Users\NCPC\.stm32cubemx\thirdparties\pdsc\quantropi.X-CUBE-qispace-sdk-base.2.1.0.pdsc: PDSC version is not supported
2025-10-04 12:05:09,377 [WARN] PackLoader:238 - Cannot read IP mode file for STMicroelectronics.X-CUBE-SUBG2.5.0.0
2025-10-04 12:05:09,400 [WARN] PackLoader:238 - Cannot read IP mode file for STMicroelectronics.X-CUBE-AZRTOS-H7RS.1.1.0
2025-10-04 12:05:09,410 [ERROR] Engine:463 - C:\Users\NCPC\.stm32cubemx\thirdparties\pdsc\Cesanta.I-CUBE-Mongoose.7.13.0.pdsc: PDSC version is not supported
2025-10-04 12:05:09,427 [WARN] PackLoader:238 - Cannot read IP mode file for STMicroelectronics.X-CUBE-AZRTOS-G4.2.0.0
2025-10-04 12:05:09,437 [WARN] PackLoader:238 - Cannot read IP mode file for wolfSSL.I-CUBE-wolfSSH.1.4.20
2025-10-04 12:05:09,445 [WARN] PackLoader:238 - Cannot read IP mode file for STMicroelectronics.X-CUBE-NFC7.2.0.0
2025-10-04 12:05:09,460 [ERROR] Engine:463 - C:\Users\NCPC\.stm32cubemx\thirdparties\pdsc\STMicroelectronics.X-CUBE-IPS.3.1.0.pdsc: PDSC version is not supported
2025-10-04 12:05:09,469 [ERROR] Engine:463 - C:\Users\NCPC\.stm32cubemx\thirdparties\pdsc\STMicroelectronics.X-CUBE-ALS.1.0.2.pdsc: PDSC version is not supported
2025-10-04 12:05:09,478 [WARN] PackLoader:238 - Cannot read IP mode file for STMicroelectronics.X-CUBE-STSE01.1.0.0
2025-10-04 12:05:09,490 [ERROR] Engine:463 - C:\Users\NCPC\.stm32cubemx\thirdparties\pdsc\STMicroelectronics.X-CUBE-TOF1.3.4.3.pdsc: PDSC version is not supported
2025-10-04 12:05:09,490 [INFO] ThirdParty:915 - Integrity check success = true
2025-10-04 12:05:09,491 [INFO] IntegrityCheckThread:94 - exiting critical section [integrity check]
2025-10-04 12:05:09,491 [INFO] IntegrityCheckThread:97 - End integrity checks thread
2025-10-04 12:05:09,491 [INFO] ThirdParty:815 - entering critical section [close project]
2025-10-04 12:05:09,492 [INFO] ThirdParty:825 - exiting critical section [close project]
2025-10-04 12:05:09,496 [INFO] PinOutPanel:1463 - setPackage(No Configuration,No Configuration)
2025-10-04 12:05:09,496 [INFO] UtilMem:74 - Begin LoadConfig() Used Memory: 881411848 Bytes (943718400)
2025-10-04 12:05:09,497 [INFO] MicroXplorer:448 - Change Database Path : 
2025-10-04 12:05:09,497 [INFO] MicroXplorer:478 - Change Database Version : DB.6.0.30
2025-10-04 12:05:09,497 [INFO] OpenFileManager:313 - Change cursor
2025-10-04 12:05:10,080 [INFO] Context:592 - Trying to add GPIOservice into a context  which must be forbidden
2025-10-04 12:05:10,250 [WARN] ApiManager:304 - Cannot register API 'Board Extension:PM33A1' from pack STMicroelectronics.X-CUBE-PM33A1.1.0.0: no header file found
2025-10-04 12:05:10,252 [WARN] ApiManager:304 - Cannot register API 'Board Extension:NFC09A1' from pack STMicroelectronics.X-CUBE-NFC9.1.0.0: no header file found
2025-10-04 12:05:10,255 [WARN] ApiManager:304 - Cannot register API 'Wireless:BlueNRG-MS' from pack STMicroelectronics.X-CUBE-BLE1.7.1.0: no header file found
2025-10-04 12:05:10,261 [WARN] ApiManager:304 - Cannot register API 'Board Extension:EEPRMA2' from pack STMicroelectronics.X-CUBE-EEPRMA1.5.2.0: no header file found
2025-10-04 12:05:10,261 [WARN] ApiManager:304 - Cannot register API 'Board Extension:PGEEZ1' from pack STMicroelectronics.X-CUBE-EEPRMA1.5.2.0: no header file found
2025-10-04 12:05:10,261 [WARN] ApiManager:304 - Cannot register API 'Board Extension:EEICA1' from pack STMicroelectronics.X-CUBE-EEPRMA1.5.2.0: no header file found
2025-10-04 12:05:10,261 [WARN] ApiManager:304 - Cannot register API 'Board Part:M24' from pack STMicroelectronics.X-CUBE-EEPRMA1.5.2.0: no header file found
2025-10-04 12:05:10,261 [WARN] ApiManager:304 - Cannot register API 'Board Part:M95' from pack STMicroelectronics.X-CUBE-EEPRMA1.5.2.0: no header file found
2025-10-04 12:05:10,261 [WARN] ApiManager:304 - Cannot register API 'Board Part:M95P32' from pack STMicroelectronics.X-CUBE-EEPRMA1.5.2.0: no header file found
2025-10-04 12:05:10,261 [WARN] ApiManager:304 - Cannot register API 'Board Part:M24256E-F' from pack STMicroelectronics.X-CUBE-EEPRMA1.5.2.0: no header file found
2025-10-04 12:05:10,261 [WARN] ApiManager:304 - Cannot register API 'Board Part:M24M01E-F' from pack STMicroelectronics.X-CUBE-EEPRMA1.5.2.0: no header file found
2025-10-04 12:05:10,262 [WARN] ApiManager:304 - Cannot register API 'PGEEZ1:SPI' from pack STMicroelectronics.X-CUBE-EEPRMA1.5.2.0: no header file found
2025-10-04 12:05:10,262 [WARN] ApiManager:304 - Cannot register API 'PGEEZ1:QDSPI' from pack STMicroelectronics.X-CUBE-EEPRMA1.5.2.0: no header file found
2025-10-04 12:05:10,263 [WARN] ApiManager:304 - Cannot register API 'Board Extension:GNSS1A1' from pack STMicroelectronics.X-CUBE-GNSS1.7.0.1: no header file found
2025-10-04 12:05:10,263 [WARN] ApiManager:304 - Cannot register API 'Board Support:Custom' from pack STMicroelectronics.X-CUBE-GNSS1.7.0.1: no header file found
2025-10-04 12:05:10,263 [WARN] ApiManager:304 - Cannot register API 'Data Exchange:lib_gnss' from pack STMicroelectronics.X-CUBE-GNSS1.7.0.1: no header file found
2025-10-04 12:05:10,264 [WARN] ApiManager:304 - Cannot register API 'Board Extension:NFC12A1' from pack STMicroelectronics.X-CUBE-NFC12.1.0.0: no header file found
2025-10-04 12:05:10,269 [WARN] ApiManager:304 - Cannot register API 'Board Extension:NFC06A1' from pack STMicroelectronics.X-CUBE-NFC6.3.1.0: no header file found
2025-10-04 12:05:10,269 [WARN] ApiManager:304 - Cannot register API 'Board Extension:NFC08A1' from pack STMicroelectronics.X-CUBE-NFC6.3.1.0: no header file found
2025-10-04 12:05:10,270 [INFO] RtosManager:484 - Registered RTOS mode: class=CMSIS, group=RTOS, mode=CMSIS_V1, owner=FREERTOS
2025-10-04 12:05:10,270 [INFO] RtosManager:484 - Registered RTOS mode: class=CMSIS, group=RTOS2, mode=CMSIS_V2, owner=FREERTOS
2025-10-04 12:05:10,270 [INFO] RtosManager:484 - Registered RTOS mode: class=RTOS, group=Core, mode=CMSIS_V1, owner=FREERTOS
2025-10-04 12:05:10,270 [INFO] RtosManager:484 - Registered RTOS mode: class=RTOS, group=Core, mode=CMSIS_V2, owner=FREERTOS
2025-10-04 12:05:10,270 [WARN] ModelIntegratedComponent:181 - Missing modes for component STMicroelectronics:FreeRTOS:0.0.1:STMicroelectronics:RTOS:FreeRTOS:Core:::10.2.0:
2025-10-04 12:05:10,271 [WARN] ApiManager:304 - Cannot register API 'Board Extension:STSAFEA1' from pack STMicroelectronics.X-CUBE-SAFEA1.1.2.2: no header file found
2025-10-04 12:05:10,271 [WARN] ApiManager:304 - Cannot register API 'Board Part:STSAFEA110' from pack STMicroelectronics.X-CUBE-SAFEA1.1.2.2: no header file found
2025-10-04 12:05:10,271 [WARN] ApiManager:304 - Cannot register API 'Security:ST_Cryptolib' from pack STMicroelectronics.X-CUBE-SAFEA1.1.2.2: no header file found
2025-10-04 12:05:10,271 [WARN] ApiManager:304 - Cannot register API 'Security:MbedTLS' from pack STMicroelectronics.X-CUBE-SAFEA1.1.2.2: no header file found
2025-10-04 12:05:10,272 [WARN] ApiManager:304 - Cannot register API 'Board Extension:NFC04A1' from pack STMicroelectronics.X-CUBE-NFC4.3.0.0: no header file found
2025-10-04 12:05:10,274 [WARN] ApiManager:304 - Cannot register API 'Board Extension:S2868A1' from pack STMicroelectronics.X-CUBE-SUBG2.5.0.0: no header file found
2025-10-04 12:05:10,274 [WARN] ApiManager:304 - Cannot register API 'Board Extension:S2868A2' from pack STMicroelectronics.X-CUBE-SUBG2.5.0.0: no header file found
2025-10-04 12:05:10,274 [WARN] ApiManager:304 - Cannot register API 'Board Extension:S2915A1' from pack STMicroelectronics.X-CUBE-SUBG2.5.0.0: no header file found
2025-10-04 12:05:10,276 [WARN] ApiManager:304 - Cannot register API 'Wireless:STM32WB05N' from pack STMicroelectronics.X-CUBE-WB05N.2.0.0: no header file found
2025-10-04 12:05:10,278 [WARN] ApiManager:304 - Cannot register API 'Board Extension:NFC07A1' from pack STMicroelectronics.X-CUBE-NFC7.2.0.0: no header file found
2025-10-04 12:05:10,278 [WARN] ApiManager:304 - Cannot register API 'Board Extension:NFC10A1' from pack STMicroelectronics.X-CUBE-NFC10.1.0.0: no header file found
2025-10-04 12:05:10,279 [WARN] ModelIntegratedComponent:60 - No mode defined for component null
2025-10-04 12:05:10,279 [WARN] ModelIntegratedComponent:60 - No mode defined for component null
2025-10-04 12:05:10,280 [WARN] ModelIntegratedComponent:60 - No mode defined for component null
2025-10-04 12:05:10,280 [WARN] ModelIntegratedComponent:60 - No mode defined for component null
2025-10-04 12:05:10,280 [WARN] ModelIntegratedComponent:60 - No mode defined for component null
2025-10-04 12:05:10,280 [WARN] ModelIntegratedComponent:60 - No mode defined for component null
2025-10-04 12:05:10,280 [WARN] ModelIntegratedComponent:60 - No mode defined for component null
2025-10-04 12:05:10,280 [WARN] ModelIntegratedComponent:60 - No mode defined for component null
2025-10-04 12:05:10,280 [WARN] ModelIntegratedComponent:60 - No mode defined for component null
2025-10-04 12:05:10,280 [WARN] ModelIntegratedComponent:60 - No mode defined for component null
2025-10-04 12:05:10,280 [WARN] ModelIntegratedComponent:60 - No mode defined for component null
2025-10-04 12:05:10,280 [WARN] ModelIntegratedComponent:60 - No mode defined for component null
2025-10-04 12:05:10,280 [WARN] ModelIntegratedComponent:60 - No mode defined for component null
2025-10-04 12:05:10,280 [WARN] ModelIntegratedComponent:60 - No mode defined for component null
2025-10-04 12:05:10,280 [WARN] ModelIntegratedComponent:60 - No mode defined for component null
2025-10-04 12:05:10,280 [WARN] ModelIntegratedComponent:60 - No mode defined for component null
2025-10-04 12:05:10,280 [WARN] ModelIntegratedComponent:60 - No mode defined for component null
2025-10-04 12:05:10,280 [WARN] ModelIntegratedComponent:60 - No mode defined for component null
2025-10-04 12:05:10,280 [WARN] ModelIntegratedComponent:60 - No mode defined for component null
2025-10-04 12:05:10,280 [WARN] ModelIntegratedComponent:60 - No mode defined for component null
2025-10-04 12:05:10,280 [WARN] ModelIntegratedComponent:60 - No mode defined for component null
2025-10-04 12:05:10,280 [WARN] ModelIntegratedComponent:60 - No mode defined for component null
2025-10-04 12:05:10,280 [WARN] ModelIntegratedComponent:60 - No mode defined for component null
2025-10-04 12:05:10,280 [WARN] ModelIntegratedComponent:60 - No mode defined for component null
2025-10-04 12:05:10,280 [WARN] ModelIntegratedComponent:60 - No mode defined for component null
2025-10-04 12:05:10,280 [WARN] ModelIntegratedComponent:60 - No mode defined for component null
2025-10-04 12:05:10,280 [WARN] ModelIntegratedComponent:60 - No mode defined for component null
2025-10-04 12:05:10,280 [WARN] ModelIntegratedComponent:60 - No mode defined for component null
2025-10-04 12:05:10,280 [WARN] ModelIntegratedComponent:60 - No mode defined for component null
2025-10-04 12:05:10,280 [WARN] ModelIntegratedComponent:60 - No mode defined for component null
2025-10-04 12:05:10,281 [WARN] ModelIntegratedComponent:60 - No mode defined for component null
2025-10-04 12:05:10,281 [WARN] ApiManager:304 - Cannot register API 'Board Extension:SAFEA1' from pack STMicroelectronics.X-CUBE-STSE01.1.0.0: no header file found
2025-10-04 12:05:10,282 [WARN] ApiManager:304 - Cannot register API 'Board Extension:ESE01A1' from pack STMicroelectronics.X-CUBE-STSE01.1.0.0: no header file found
2025-10-04 12:05:10,282 [WARN] ApiManager:304 - Cannot register API 'Board Part:STSAFEA110' from pack STMicroelectronics.X-CUBE-STSE01.1.0.0: no header file found
2025-10-04 12:05:10,282 [WARN] ApiManager:304 - Cannot register API 'Board Part:STSAFEA120' from pack STMicroelectronics.X-CUBE-STSE01.1.0.0: no header file found
2025-10-04 12:05:10,282 [WARN] ApiManager:304 - Cannot register API 'Security:STM32_Cryptographic' from pack STMicroelectronics.X-CUBE-STSE01.1.0.0: no header file found
2025-10-04 12:05:10,282 [WARN] ApiManager:304 - Cannot register API 'Security:STSELib' from pack STMicroelectronics.X-CUBE-STSE01.1.0.0: no header file found
2025-10-04 12:05:10,389 [WARN] ApiManager:304 - Cannot register API 'Board Extension:IKS01A3' from pack STMicroelectronics.X-CUBE-MEMS1.11.3.0: no header file found
2025-10-04 12:05:10,389 [WARN] ApiManager:304 - Cannot register API 'Board Extension:IKS02A1' from pack STMicroelectronics.X-CUBE-MEMS1.11.3.0: no header file found
2025-10-04 12:05:10,389 [WARN] ApiManager:304 - Cannot register API 'Board Extension:IKS4A1' from pack STMicroelectronics.X-CUBE-MEMS1.11.3.0: no header file found
2025-10-04 12:05:10,396 [WARN] ApiManager:304 - Cannot register API 'Board Extension:S2868A1' from pack STMicroelectronics.X-CUBE-SFXS2LP1.4.0.0: no header file found
2025-10-04 12:05:10,396 [WARN] ApiManager:304 - Cannot register API 'Board Extension:S2868A2' from pack STMicroelectronics.X-CUBE-SFXS2LP1.4.0.0: no header file found
2025-10-04 12:05:10,396 [WARN] ApiManager:304 - Cannot register API 'Board Extension:S2915A1' from pack STMicroelectronics.X-CUBE-SFXS2LP1.4.0.0: no header file found
2025-10-04 12:05:10,396 [WARN] ApiManager:304 - Cannot register API 'Wireless:BlueNRG-2' from pack STMicroelectronics.X-CUBE-BLE2.3.3.0: no header file found
2025-10-04 12:05:11,473 [INFO] UtilMem:74 - End LoadConfig() Used Memory: 880651360 Bytes (943718400)
2025-10-04 12:05:11,475 [INFO] DbMcusXml:100 - Load MCU database from C:\ST\STM32CubeIDE_1.7.0\STM32CubeIDE\plugins\com.st.stm32cube.common.mx_6.3.0.202107141111\\db\/mcu/families.xml
2025-10-04 12:05:11,914 [INFO] DbMcusJson:93 - JSON generation date=Tue Nov 16 23:17:54 ICT 2021 (1637079474)
2025-10-04 12:05:12,400 [INFO] DbMcus:175 - Found 1951 MCUs (1903 are supported by CubeMX, 1914 are visible in CubeMX)
2025-10-04 12:05:12,402 [INFO] ApiDb:251 - Load user favorites file C:\Users\NCPC/.stm32cubeide/favorites.mcus.txt: 0 item(s)
2025-10-04 12:05:12,402 [INFO] ApiDb:255 - User favorites MCUs=[]
2025-10-04 12:05:12,402 [INFO] DbMcus:187 - Set 0 / 0 favorites MCUs
2025-10-04 12:05:12,411 [WARN] ThirdParty:779 - waiting for thirdparty lock release [change project]
2025-10-04 12:05:12,411 [INFO] ThirdParty:781 - entering critical section [change project]
2025-10-04 12:05:12,411 [INFO] ThirdParty:967 - CMSIS Pack Vendor :STMicroelectronics X-CUBE-PM33A1 1.0.0
2025-10-04 12:05:12,411 [INFO] ThirdParty:967 - CMSIS Pack Vendor :STMicroelectronics X-CUBE-NFC9 1.0.0
2025-10-04 12:05:12,411 [INFO] ThirdParty:967 - CMSIS Pack Vendor :STMicroelectronics USB_HOST 2.0.0
2025-10-04 12:05:12,411 [INFO] ThirdParty:967 - CMSIS Pack Vendor :STMicroelectronics X-CUBE-AZRTOS-F4 1.1.0
2025-10-04 12:05:12,411 [INFO] ThirdParty:967 - CMSIS Pack Vendor :STMicroelectronics FP-ATR-ASTRA1 2.0.2
2025-10-04 12:05:12,411 [INFO] ThirdParty:967 - CMSIS Pack Vendor :wolfSSL I-CUBE-wolfSSL 5.8.2
2025-10-04 12:05:12,411 [INFO] ThirdParty:967 - CMSIS Pack Vendor :STMicroelectronics X-CUBE-BLE1 7.1.0
2025-10-04 12:05:12,411 [INFO] ThirdParty:967 - CMSIS Pack Vendor :wolfSSL I-CUBE-wolfMQTT 1.19.2
2025-10-04 12:05:12,411 [INFO] ThirdParty:967 - CMSIS Pack Vendor :STMicroelectronics USB_DEVICE 3.0.0
2025-10-04 12:05:12,411 [INFO] ThirdParty:967 - CMSIS Pack Vendor :STMicroelectronics X-CUBE-ISPU 2.1.0
2025-10-04 12:05:12,411 [INFO] ThirdParty:967 - CMSIS Pack Vendor :STMicroelectronics X-CUBE-EEPRMA1 5.2.0
2025-10-04 12:05:12,411 [INFO] ThirdParty:967 - CMSIS Pack Vendor :STMicroelectronics X-CUBE-AZRTOS-WB 2.0.0
2025-10-04 12:05:12,412 [INFO] ThirdParty:967 - CMSIS Pack Vendor :STMicroelectronics X-CUBE-GNSS1 7.0.1
2025-10-04 12:05:12,412 [INFO] ThirdParty:967 - CMSIS Pack Vendor :STMicroelectronics X-CUBE-NFC12 1.0.0
2025-10-04 12:05:12,412 [INFO] ThirdParty:967 - CMSIS Pack Vendor :STMicroelectronics X-CUBE-AZRTOS-F7 1.1.0
2025-10-04 12:05:12,412 [INFO] ThirdParty:967 - CMSIS Pack Vendor :STMicroelectronics X-CUBE-AZRTOS-L5 2.0.0
2025-10-04 12:05:12,412 [INFO] ThirdParty:967 - CMSIS Pack Vendor :STMicroelectronics X-CUBE-TOUCHGFX 4.25.0
2025-10-04 12:05:12,412 [INFO] ThirdParty:967 - CMSIS Pack Vendor :STMicroelectronics USB_DEVICE 2.0.0
2025-10-04 12:05:12,412 [INFO] ThirdParty:967 - CMSIS Pack Vendor :STMicroelectronics X-CUBE-NFC6 3.1.0
2025-10-04 12:05:12,412 [INFO] ThirdParty:967 - CMSIS Pack Vendor :STMicroelectronics FreeRTOS 0.0.1
2025-10-04 12:05:12,412 [INFO] ThirdParty:967 - CMSIS Pack Vendor :STMicroelectronics X-CUBE-AZRTOS-G0 1.1.0
2025-10-04 12:05:12,412 [INFO] ThirdParty:967 - CMSIS Pack Vendor :STMicroelectronics X-CUBE-SAFEA1 1.2.2
2025-10-04 12:05:12,412 [INFO] ThirdParty:967 - CMSIS Pack Vendor :STMicroelectronics X-CUBE-NFC4 3.0.0
2025-10-04 12:05:12,412 [INFO] ThirdParty:967 - CMSIS Pack Vendor :STMicroelectronics X-CUBE-SUBG2 5.0.0
2025-10-04 12:05:12,412 [INFO] ThirdParty:967 - CMSIS Pack Vendor :STMicroelectronics X-CUBE-AZRTOS-H7RS 1.1.0
2025-10-04 12:05:12,412 [INFO] ThirdParty:967 - CMSIS Pack Vendor :STMicroelectronics lwIP 2.0.3
2025-10-04 12:05:12,412 [INFO] ThirdParty:967 - CMSIS Pack Vendor :STMicroelectronics USB_HOST 1.0.0
2025-10-04 12:05:12,412 [INFO] ThirdParty:967 - CMSIS Pack Vendor :STMicroelectronics X-CUBE-AZRTOS-G4 2.0.0
2025-10-04 12:05:12,412 [INFO] ThirdParty:967 - CMSIS Pack Vendor :STMicroelectronics X-CUBE-WB05N 2.0.0
2025-10-04 12:05:12,412 [INFO] ThirdParty:967 - CMSIS Pack Vendor :STMicroelectronics PDM2PCM 3.1.0
2025-10-04 12:05:12,412 [INFO] ThirdParty:967 - CMSIS Pack Vendor :STMicroelectronics PDM2PCM 3.3.0
2025-10-04 12:05:12,412 [INFO] ThirdParty:967 - CMSIS Pack Vendor :wolfSSL I-CUBE-wolfTPM 3.8.0
2025-10-04 12:05:12,412 [INFO] ThirdParty:967 - CMSIS Pack Vendor :STMicroelectronics X-CUBE-AZRTOS-H7 3.4.0
2025-10-04 12:05:12,412 [INFO] ThirdParty:967 - CMSIS Pack Vendor :wolfSSL I-CUBE-wolfSSH 1.4.20
2025-10-04 12:05:12,412 [INFO] ThirdParty:967 - CMSIS Pack Vendor :STMicroelectronics X-CUBE-NFC7 2.0.0
2025-10-04 12:05:12,412 [INFO] ThirdParty:967 - CMSIS Pack Vendor :STMicroelectronics FP-ATR-SIGFOX1 3.2.0
2025-10-04 12:05:12,412 [INFO] ThirdParty:967 - CMSIS Pack Vendor :STMicroelectronics X-CUBE-NFC10 1.0.0
2025-10-04 12:05:12,412 [INFO] ThirdParty:967 - CMSIS Pack Vendor :STMicroelectronics HAL Drivers 0.0.0
2025-10-04 12:05:12,412 [INFO] ThirdParty:967 - CMSIS Pack Vendor :STMicroelectronics MBEDTLS 2.16.2
2025-10-04 12:05:12,412 [INFO] ThirdParty:967 - CMSIS Pack Vendor :STMicroelectronics MBEDTLS 2.14.1
2025-10-04 12:05:12,412 [INFO] ThirdParty:967 - CMSIS Pack Vendor :STMicroelectronics X-CUBE-TOUCHGFX 4.26.0
2025-10-04 12:05:12,412 [INFO] ThirdParty:967 - CMSIS Pack Vendor :STMicroelectronics X-CUBE-STSE01 1.0.0
2025-10-04 12:05:12,412 [INFO] ThirdParty:967 - CMSIS Pack Vendor :STMicroelectronics X-CUBE-AI 10.2.0
2025-10-04 12:05:12,412 [INFO] ThirdParty:967 - CMSIS Pack Vendor :STMicroelectronics X-CUBE-AZRTOS-WL 2.0.0
2025-10-04 12:05:12,412 [INFO] ThirdParty:967 - CMSIS Pack Vendor :SEGGER I-CUBE-embOS 1.3.1
2025-10-04 12:05:12,412 [INFO] ThirdParty:967 - CMSIS Pack Vendor :STMicroelectronics X-CUBE-ALGOBUILD 1.4.0
2025-10-04 12:05:12,412 [INFO] ThirdParty:967 - CMSIS Pack Vendor :STMicroelectronics X-CUBE-MEMS1 11.3.0
2025-10-04 12:05:12,412 [INFO] ThirdParty:967 - CMSIS Pack Vendor :STMicroelectronics USB_DEVICE 1.0.0
2025-10-04 12:05:12,412 [INFO] ThirdParty:967 - CMSIS Pack Vendor :STMicroelectronics X-CUBE-AZRTOS-L4 2.0.0
2025-10-04 12:05:12,412 [INFO] ThirdParty:967 - CMSIS Pack Vendor :STMicroelectronics ThreadX 0.0.2
2025-10-04 12:05:12,412 [INFO] ThirdParty:967 - CMSIS Pack Vendor :STMicroelectronics lwIP 2.1.2
2025-10-04 12:05:12,413 [INFO] ThirdParty:967 - CMSIS Pack Vendor :STMicroelectronics X-CUBE-SFXS2LP1 4.0.0
2025-10-04 12:05:12,413 [INFO] ThirdParty:967 - CMSIS Pack Vendor :STMicroelectronics X-CUBE-BLE2 3.3.0
2025-10-04 12:05:12,413 [INFO] ThirdParty:967 - CMSIS Pack Vendor :STMicroelectronics PDM2PCM 3.2.0
2025-10-04 12:05:12,413 [INFO] ThirdParty:787 - exiting critical section [change project]
2025-10-04 12:05:12,592 [INFO] PinOutPanel:1463 - setPackage(No Configuration,No Configuration)
2025-10-04 12:05:12,593 [INFO] PinOutPanel:1463 - setPackage(STM32F103C6Ux,UFQFPN48)
2025-10-04 12:05:12,814 [INFO] UtilMem:74 - Before build in PCC Used Memory: 916085824 Bytes (1073741824)
2025-10-04 12:05:13,246 [INFO] UtilMem:74 - After build in PCC Used Memory: 949550560 Bytes (1073741824)
2025-10-04 12:05:13,258 [INFO] IPUIPlugin:74 - create IPUIPlugin
2025-10-04 12:05:13,258 [INFO] IPUIPlugin:74 - create IPUIPlugin
2025-10-04 12:05:13,258 [INFO] IPUIPlugin:74 - create IPUIPlugin
2025-10-04 12:05:13,258 [INFO] IPUIPlugin:74 - create IPUIPlugin
2025-10-04 12:05:13,258 [INFO] IPUIPlugin:74 - create IPUIPlugin
2025-10-04 12:05:13,258 [INFO] IPUIPlugin:74 - create IPUIPlugin
2025-10-04 12:05:13,258 [INFO] IPUIPlugin:74 - create IPUIPlugin
2025-10-04 12:05:13,258 [INFO] IPUIPlugin:74 - create IPUIPlugin
2025-10-04 12:05:13,258 [INFO] IPUIPlugin:74 - create IPUIPlugin
2025-10-04 12:05:13,258 [INFO] IPUIPlugin:74 - create IPUIPlugin
2025-10-04 12:05:13,258 [INFO] IPUIPlugin:74 - create IPUIPlugin
2025-10-04 12:05:13,259 [INFO] IPUIPlugin:74 - create IPUIPlugin
2025-10-04 12:05:13,264 [INFO] IPUIPlugin:74 - create IPUIPlugin
2025-10-04 12:05:13,264 [INFO] IPUIPlugin:74 - create IPUIPlugin
2025-10-04 12:05:13,265 [INFO] IPUIPlugin:74 - create IPUIPlugin
2025-10-04 12:05:13,265 [INFO] IPUIPlugin:74 - create IPUIPlugin
2025-10-04 12:05:13,265 [INFO] IPUIPlugin:74 - create IPUIPlugin
2025-10-04 12:05:13,265 [INFO] IPUIPlugin:74 - create IPUIPlugin
2025-10-04 12:05:13,265 [INFO] IPUIPlugin:74 - create IPUIPlugin
2025-10-04 12:05:13,265 [INFO] IPUIPlugin:74 - create IPUIPlugin
2025-10-04 12:05:13,265 [INFO] IPUIPlugin:74 - create IPUIPlugin
2025-10-04 12:05:13,266 [INFO] IPUIPlugin:74 - create IPUIPlugin
2025-10-04 12:05:13,266 [INFO] IPUIPlugin:74 - create IPUIPlugin
2025-10-04 12:05:13,339 [INFO] OpenFileManager:333 - Restore cursor
2025-10-04 12:39:08,663 [INFO] UtilMem:74 - End SaveConfig() Used Memory: 928169120 Bytes (1073741824)
2025-10-04 12:39:09,697 [INFO] UtilMem:74 - End SaveConfig() Used Memory: 950876576 Bytes (1073741824)
2025-10-04 12:39:09,799 [INFO] UtilMem:74 - End SaveConfig() Used Memory: 868814760 Bytes (1073741824)
2025-10-04 12:39:09,966 [INFO] BlockDiagram:2740 - set Specific Code input for plugin: NVIC
2025-10-04 12:39:09,966 [INFO] BlockDiagram:2740 - set Specific Code input for plugin: SYS
2025-10-04 12:39:09,966 [INFO] BlockDiagram:2740 - set Specific Code input for plugin: GPIO
2025-10-04 12:39:09,966 [INFO] BlockDiagram:2740 - set Specific Code input for plugin: RCC
2025-10-04 12:39:09,966 [INFO] BlockDiagram:2740 - set Specific Code input for plugin: TIM1_8F1
2025-10-04 12:39:09,966 [INFO] CodeGenerator:663 - code generatio: config db path: C:\ST\STM32CubeIDE_1.7.0\STM32CubeIDE\plugins\com.st.stm32cube.common.mx_6.3.0.202107141111\\db\
2025-10-04 12:39:10,186 [INFO] CodeEngine:239 - oldGeneratedFile, C:\VXLWorkspace\Project-2\Stm32Cube\Project2\MXTmpFiles\license.tmp_save
2025-10-04 12:39:10,399 [INFO] CodeEngine:257 - Generated code: C:\VXLWorkspace\Project-2\Stm32Cube\Project2\MXTmpFiles\license.tmp
2025-10-04 12:39:10,507 [INFO] CodeEngine:239 - oldGeneratedFile, C:\VXLWorkspace\Project-2\Stm32Cube\Project2\MXTmpFiles\gpio.tmp_save
2025-10-04 12:39:10,576 [INFO] CodeEngine:257 - Generated code: C:\VXLWorkspace\Project-2\Stm32Cube\Project2\MXTmpFiles\gpio.tmp
2025-10-04 12:39:10,821 [INFO] CodeEngine:239 - oldGeneratedFile, C:\VXLWorkspace\Project-2\Stm32Cube\Project2\Core\Src\stm32f1xx_it.c_save
2025-10-04 12:39:10,927 [INFO] CodeEngine:257 - Generated code: C:\VXLWorkspace\Project-2\Stm32Cube\Project2\Core\Src\stm32f1xx_it.c
2025-10-04 12:39:10,944 [INFO] CodeEngine:239 - oldGeneratedFile, C:\VXLWorkspace\Project-2\Stm32Cube\Project2\Core\Inc\stm32f1xx_it.h_save
2025-10-04 12:39:10,992 [INFO] CodeEngine:257 - Generated code: C:\VXLWorkspace\Project-2\Stm32Cube\Project2\Core\Inc\stm32f1xx_it.h
2025-10-04 12:39:11,014 [INFO] CodeEngine:239 - oldGeneratedFile, C:\VXLWorkspace\Project-2\Stm32Cube\Project2\Core\Src\stm32f1xx_hal_msp.c_save
2025-10-04 12:39:11,089 [INFO] CodeEngine:257 - Generated code: C:\VXLWorkspace\Project-2\Stm32Cube\Project2\Core\Src\stm32f1xx_hal_msp.c
2025-10-04 12:39:11,097 [INFO] CodeEngine:239 - oldGeneratedFile, C:\VXLWorkspace\Project-2\Stm32Cube\Project2\MXTmpFiles\system.tmp_save
2025-10-04 12:39:11,136 [INFO] CodeEngine:257 - Generated code: C:\VXLWorkspace\Project-2\Stm32Cube\Project2\MXTmpFiles\system.tmp
2025-10-04 12:39:11,154 [INFO] CodeEngine:239 - oldGeneratedFile, C:\VXLWorkspace\Project-2\Stm32Cube\Project2\Core\Inc\stm32f1xx_hal_conf.h_save
2025-10-04 12:39:11,211 [INFO] CodeEngine:257 - Generated code: C:\VXLWorkspace\Project-2\Stm32Cube\Project2\Core\Inc\stm32f1xx_hal_conf.h
2025-10-04 12:39:11,234 [WARN] IPConfigManager:3148 - IP not found : TIM
2025-10-04 12:39:11,235 [WARN] CodeGenerator:3268 - IP not found : null
2025-10-04 12:39:11,252 [INFO] CodeEngine:239 - oldGeneratedFile, C:\VXLWorkspace\Project-2\Stm32Cube\Project2\Core\Inc\main.h_save
2025-10-04 12:39:11,309 [INFO] CodeEngine:257 - Generated code: C:\VXLWorkspace\Project-2\Stm32Cube\Project2\Core\Inc\main.h
2025-10-04 12:39:11,325 [INFO] CodeEngine:239 - oldGeneratedFile, C:\VXLWorkspace\Project-2\Stm32Cube\Project2\Core\Src\main.c_save
2025-10-04 12:39:11,408 [INFO] CodeEngine:257 - Generated code: C:\VXLWorkspace\Project-2\Stm32Cube\Project2\Core\Src\main.c
2025-10-04 12:39:12,005 [INFO] ProjectBuilder:2578 - Time for Copy HAL[1] : 56mS.
2025-10-04 12:39:12,008 [INFO] ProjectBuilder:3622 - Project Generator version: 3.14.1
2025-10-04 12:39:12,224 [INFO] ConfigFileManager:1271 - The Die is : DIE412
2025-10-04 12:39:12,242 [INFO] ApiDbMcu:468 - Load IP Config File for FATFS
2025-10-04 12:39:12,262 [INFO] ApiDbMcu:468 - Load IP Config File for FREERTOS
2025-10-04 12:39:12,281 [INFO] ApiDbMcu:468 - Load IP Config File for USB_DEVICE
2025-10-04 12:39:14,440 [INFO] ProjectBuilder:3789 - Time for Generating toolchain IDE Files: 2432mS.
2025-10-04 12:39:14,441 [INFO] ProjectBuilder:2457 - Time for Copy CMSIS : 1mS.
2025-10-04 12:39:14,442 [INFO] ProjectBuilder:2457 - Time for Copy CMSIS : 0mS.
2025-10-04 17:56:23,275 [INFO] Activator:177 - 


2025-10-04 17:56:23,277 [INFO] Activator:178 - !SESSION log4j initialized
